,id,Brand,Type,CPUbrand,SSD,GPUbrand,RAM,OS,Touchscreen,Weight,Price,PPI
0,1,ACER,Gaming,AMD,512 GB,NVIDIA,8,Windows,No,Heavy,45990,141.21199808219862
2,3,ACER,Gaming,AMD,512 GB,NVIDIA,16,Windows,No,Heavy,49990,141.21199808219862
3,4,ASUS,Ultraportable,Intel,512 GB,Intel,8,Windows,No,Medium,35990,141.21199808219862
4,5,HP,Notebook,AMD,256 GB,None,4,Linux/Others,No,Heavy,22490,100.45466986113651
5,6,MSI,Gaming,Intel,512 GB,NVIDIA,8,Windows,No,Medium,49990,141.21199808219862
6,7,MSI,Gaming,AMD,512 GB,AMD,8,Windows,No,Heavy,49990,141.21199808219862
7,8,LENOVO,Ultraportable,Intel,512 GB,Intel,8,Windows,No,Medium,38799,141.21199808219862
8,9,HP,Ultraportable,AMD,256 GB,AMD,8,Windows,No,Light,26999,111.93520355955211
9,10,HP,Gaming,AMD,512 GB,NVIDIA,8,Windows,No,Heavy,62990,141.21199808219862
10,11,LENOVO,Notebook,Intel,256 GB,Intel,8,Windows,No,Medium,28129,100.45466986113651
11,12,ASUS,Ultraportable,Intel,512 GB,Intel,8,Windows,No,Medium,44990,141.21199808219862
12,13,LENOVO,Ultraportable,AMD,512 GB,AMD,8,Windows,No,Medium,46019,141.21199808219862
13,14,DELL,Ultraportable,Intel,256 GB,Intel,8,Windows,No,Medium,42500,141.21199808219862
14,15,DELL,Notebook,AMD,256 GB,AMD,8,Windows,No,Medium,31021,100.45466986113651
15,16,MSI,Gaming,Intel,512 GB,NVIDIA,8,Windows,No,Medium,68990,141.21199808219862
16,17,HP,Notebook,AMD,512 GB,AMD,8,Linux/Others,No,Medium,26490,111.93520355955211
17,18,ASUS,Ultraportable,Intel,256 GB,Intel,8,Windows,No,Medium,50990,157.3505121487356
18,19,MSI,Gaming,Intel,512 GB,NVIDIA,8,Windows,No,Medium,59990,141.21199808219862
19,20,INFINIX,Ultraportable,Intel,256 GB,Intel,8,Windows,No,Light,24999,157.3505121487356
20,21,APPLE,Notebook,Others,1 TB,None,32,Mac,No,Heavy,309490,254.0233485458816
21,22,ASUS,Ultraportable,AMD,512 GB,AMD,16,Windows,No,Medium,47990,157.3505121487356
22,23,ASUS,Gaming,Intel,512 GB,NVIDIA,8,Windows,No,Heavy,58990,141.21199808219862
23,24,HP,Notebook,Intel,512 GB,Intel,8,Windows,No,Heavy,37399,100.45466986113651
24,1,ASUS,Ultraportable,Intel,512 GB,Intel,8,Windows,No,Medium,46990,141.21199808219862
25,2,ASUS,Notebook,AMD,512 GB,NVIDIA,16,Windows,No,Medium,71990,141.21199808219862
26,3,ACER,Ultraportable,Intel,256 GB,Intel,8,Windows,No,Medium,32990,141.21199808219862
27,4,HP,Ultraportable,Intel,512 GB,Intel,16,Windows,No,Light,61999,157.3505121487356
28,5,HP,Ultraportable,AMD,512 GB,AMD,8,Windows,No,Medium,48990,141.21199808219862
29,6,INFINIX,Ultraportable,Intel,256 GB,Intel,8,Windows,No,Light,29990,157.3505121487356
30,7,LENOVO,Notebook,Intel,512 GB,Intel,8,Windows,No,Light,40990,141.21199808219862
32,9,HP,Ultraportable,Intel,512 GB,Intel,8,Windows,No,Medium,44490,141.21199808219862
33,10,HP,Ultraportable,AMD,256 GB,AMD,8,Windows,No,Medium,29999,100.45466986113651
34,11,APPLE,Ultraportable,Others,256 GB,None,8,Mac,No,Light,89990,226.98300468106115
35,12,ASUS,Gaming,AMD,512 GB,NVIDIA,8,Windows,No,Heavy,55290,127.33567457123111
36,13,LENOVO,Gaming,Intel,512 GB,NVIDIA,8,Windows,No,Heavy,58990,141.21199808219862
37,14,ACER,Notebook,AMD,512 GB,AMD,8,Windows,No,Heavy,37990,141.21199808219862
38,15,DELL,Gaming,AMD,512 GB,NVIDIA,16,Windows,No,Heavy,70990,141.21199808219862
39,16,ASUS,Ultraportable,Intel,512 GB,Intel,8,Windows,No,Medium,50990,141.21199808219862
40,17,ASUS,Ultraportable,Intel,256 GB,Intel,4,Windows,No,Medium,25990,111.93520355955211
41,18,ASUS,Notebook,AMD,512 GB,NVIDIA,16,Windows,No,Medium,66990,141.21199808219862
42,19,DELL,Ultraportable,AMD,512 GB,AMD,8,Windows,No,Medium,35504,157.3505121487356
43,20,ASUS,Gaming,AMD,1 TB,NVIDIA,16,Windows,No,Heavy,90990,141.21199808219862
44,21,MSI,Gaming,Intel,512 GB,NVIDIA,8,Windows,No,Medium,57990,141.21199808219862
45,22,HP,Ultraportable,Intel,512 GB,Intel,8,Windows,No,Medium,40990,141.21199808219862
46,23,ASUS,Ultraportable,Intel,256 GB,Intel,8,Windows,No,Medium,39990,141.21199808219862
47,24,HP,Notebook,Intel,512 GB,Intel,8,Windows,No,Medium,37499,100.45466986113651
48,1,HP,Notebook,Intel,512 GB,Intel,8,Windows,No,Medium,37499,100.45466986113651
49,2,ASUS,Notebook,Intel,512 GB,Intel,8,Windows,No,Medium,43990,92.71417565478829
50,3,HP,Gaming,Intel,512 GB,NVIDIA,8,Windows,No,Heavy,66990,141.21199808219862
52,5,ASUS,Ultraportable,Intel,256 GB,Intel,8,Windows,No,Medium,42890,141.21199808219862
54,7,HP,Ultraportable,Intel,512 GB,Intel,8,Windows,No,Medium,57990,141.21199808219862
55,8,HP,Ultraportable,AMD,512 GB,AMD,8,Windows,No,Medium,38990,141.21199808219862
56,9,ASUS,Gaming,Intel,1 TB,NVIDIA,16,Windows,No,Heavy,109990,127.33567457123111
57,10,ASUS,Ultraportable,Intel,512 GB,Intel,8,Windows,No,Medium,35990,141.21199808219862
58,11,HP,Notebook,Intel,256 GB,Intel,8,Windows,Yes,Light,48990,111.93520355955211
59,12,ASUS,Notebook,Intel,256 GB,Intel,8,Windows,Yes,Light,46990,157.3505121487356
60,13,HP,Ultraportable,AMD,512 GB,AMD,16,Windows,No,Light,54990,157.3505121487356
61,14,HP,Gaming,Intel,512 GB,NVIDIA,8,Windows,No,Heavy,67990,136.82653230324834
62,15,ASUS,Ultraportable,Intel,512 GB,Intel,8,Windows,Yes,Light,49990,157.3505121487356
63,16,ASUS,Gaming,AMD,1 TB,NVIDIA,16,Windows,No,Heavy,161990,188.28266410959816
64,17,DELL,Ultraportable,Intel,512 GB,Intel,8,Windows,No,Medium,47890,141.21199808219862
65,18,LENOVO,Gaming,AMD,512 GB,NVIDIA,8,Windows,No,Heavy,64990,141.21199808219862
66,19,HP,Notebook,AMD,None,None,8,Windows,No,Medium,29490,111.93520355955211
67,20,ACER,Ultraportable,Intel,512 GB,Intel,8,Windows,No,Medium,34990,141.21199808219862
68,21,ASUS,Ultraportable,AMD,512 GB,AMD,16,Windows,Yes,Light,99990,255.35588026619376
69,22,LENOVO,Gaming,Intel,512 GB,Intel,16,Windows,No,Medium,62490,141.21199808219862
70,23,ACER,Notebook,AMD,256 GB,AMD,4,Windows,No,Heavy,24290,111.93520355955211
71,24,HP,Ultraportable,AMD,512 GB,AMD,8,Windows,No,Medium,34490,141.21199808219862
72,1,APPLE,Ultraportable,Others,512 GB,None,16,Mac,No,Medium,183990,253.93034266273992
73,2,INFINIX,Ultraportable,Intel,256 GB,Intel,8,Windows,No,Light,29990,157.3505121487356
74,3,ASUS,Ultraportable,AMD,512 GB,AMD,16,Windows,No,Medium,66990,141.21199808219862
77,6,ASUS,Ultraportable,Intel,256 GB,Intel,8,Windows,No,Medium,51990,141.21199808219862
78,7,ASUS,Ultraportable,Intel,256 GB,Intel,8,Windows,No,Light,29990,111.93520355955211
79,8,ASUS,Ultraportable,AMD,256 GB,AMD,8,Windows,No,Medium,59990,141.21199808219862
80,9,ASUS,Gaming,Intel,1 TB,NVIDIA,16,Windows,No,Heavy,118990,141.21199808219862
81,10,MSI,Ultraportable,AMD,512 GB,AMD,8,Windows,No,Light,45990,157.3505121487356
82,11,MSI,Gaming,Intel,512 GB,NVIDIA,16,Windows,No,Heavy,89990,141.21199808219862
83,12,LENOVO,Ultraportable,Intel,512 GB,Intel,8,Windows,No,Medium,57490,141.21199808219862
84,13,HP,Gaming,AMD,512 GB,NVIDIA,16,Windows,No,Heavy,75990,141.21199808219862
85,14,DELL,Ultraportable,AMD,256 GB,AMD,8,Windows,No,Light,37254,157.3505121487356
86,15,LENOVO,Ultraportable,Intel,512 GB,Intel,8,Windows,No,Medium,37600,141.21199808219862
87,16,HP,Notebook,AMD,256 GB,AMD,8,Windows,No,Medium,39999,141.21199808219862
88,17,HP,Ultraportable,Intel,256 GB,Intel,8,Windows,No,Light,40999,157.3505121487356
89,18,DELL,Notebook,Intel,256 GB,Intel,8,Windows,No,Light,38200,157.3505121487356
90,19,ACER,Ultraportable,Intel,256 GB,Intel,4,Windows,No,Medium,29990,141.21199808219862
91,20,DELL,Notebook,Intel,512 GB,Intel,8,Windows,Yes,Light,59990,157.3505121487356
92,21,ASUS,Ultraportable,Intel,256 GB,Intel,8,Windows,No,Medium,36990,141.21199808219862
93,22,HP,Gaming,AMD,512 GB,NVIDIA,8,Windows,No,Heavy,59990,141.21199808219862
94,23,LENOVO,Notebook,Intel,512 GB,Intel,8,Windows,No,Medium,37490,100.45466986113651
95,24,LENOVO,Ultraportable,Intel,256 GB,Intel,8,Windows,No,Medium,36490,157.3505121487356
96,1,ASUS,Ultraportable,Intel,512 GB,Intel,16,Windows,No,Light,74990,242.5880862528841
97,2,HP,Ultraportable,Intel,512 GB,Intel,8,Windows,No,Medium,64775,141.21199808219862
98,3,ASUS,Ultraportable,Intel,512 GB,Intel,8,Windows,No,Light,42990,157.3505121487356
99,4,ASUS,Notebook,Intel,512 GB,Intel,8,Windows,No,Medium,38990,141.21199808219862
100,5,HP,Ultraportable,AMD,512 GB,AMD,8,Windows,No,Light,49215,157.3505121487356
101,6,ASUS,Ultraportable,Intel,512 GB,Intel,8,Windows,Yes,Medium,42990,141.21199808219862
102,7,INFINIX,Ultraportable,Intel,512 GB,Intel,8,Windows,No,Light,32990,157.3505121487356
103,8,LENOVO,Ultraportable,Intel,512 GB,Intel,8,Windows,No,Light,57990,141.21199808219862
104,9,LENOVO,Ultraportable,Intel,512 GB,Intel,8,Windows,No,Medium,40117,141.21199808219862
105,10,HP,Ultraportable,Intel,512 GB,NVIDIA,16,Windows,No,Medium,64990,141.21199808219862
106,11,ASUS,Gaming,AMD,512 GB,NVIDIA,16,Windows,No,Heavy,89990,141.21199808219862
107,12,HP,Notebook,AMD,512 GB,AMD,8,Windows,No,Medium,45500,100.45466986113651
108,13,ASUS,Gaming,AMD,1 TB,NVIDIA,16,Windows,No,Heavy,187990,188.28266410959816
109,14,HP,Notebook,Intel,512 GB,Intel,8,Windows,No,Medium,44990,141.21199808219862
110,15,ASUS,Ultraportable,AMD,256 GB,AMD,4,Windows,No,Medium,35500,141.21199808219862
111,16,HP,Ultraportable,Intel,512 GB,Intel,8,Windows,No,Medium,58989,141.21199808219862
112,17,ASUS,Gaming,Intel,2 TB,NVIDIA,32,Windows,No,Heavy,361990,169.78089942830815
113,18,HP,Ultraportable,AMD,512 GB,AMD,8,Windows,No,Light,55000,157.3505121487356
114,19,LENOVO,Ultraportable,Intel,256 GB,Intel,4,Windows,No,Medium,31490,141.21199808219862
115,20,ASUS,Ultraportable,Intel,256 GB,Intel,8,Windows,No,Light,28990,111.1413368676404
116,21,LENOVO,Gaming,AMD,512 GB,NVIDIA,8,Windows,No,Heavy,74990,141.21199808219862
117,22,LENOVO,Ultraportable,Intel,256 GB,Intel,8,Windows,No,Light,37228,157.3505121487356
118,23,DELL,Ultraportable,Intel,256 GB,Intel,8,Windows,No,Medium,42897,141.21199808219862
119,24,DELL,Notebook,Intel,256 GB,Intel,8,Windows,No,Medium,32751,141.21199808219862
120,1,DELL,Gaming,Intel,512 GB,NVIDIA,16,Windows,No,Heavy,72490,141.21199808219862
121,2,ACER,Notebook,AMD,512 GB,AMD,8,Windows,No,Heavy,39290,141.21199808219862
122,3,DELL,Ultraportable,Intel,256 GB,Intel,8,Windows,No,Medium,42897,141.21199808219862
123,4,MSI,Gaming,AMD,512 GB,AMD,8,Windows,No,Heavy,84990,141.21199808219862
124,5,ASUS,Ultraportable,Intel,512 GB,Intel,8,Windows,No,Medium,54990,141.21199808219862
125,6,LENOVO,Gaming,Intel,512 GB,NVIDIA,8,Windows,No,Heavy,70990,141.21199808219862
126,7,ASUS,Gaming,AMD,512 GB,NVIDIA,8,Windows,No,Heavy,87990,141.21199808219862
127,8,INFINIX,Ultraportable,Intel,256 GB,Intel,8,Windows,No,Light,24999,157.3505121487356
128,9,INFINIX,Ultraportable,Intel,512 GB,Intel,8,Windows,No,Light,42990,141.21199808219862
129,10,DELL,Notebook,Intel,256 GB,Intel,8,Windows,Yes,Light,52990,157.3505121487356
130,11,ASUS,Notebook,AMD,512 GB,AMD,16,Windows,No,Medium,59990,141.50971698084905
131,12,ASUS,Notebook,Intel,1 TB,Intel,16,Windows,Yes,Medium,189990,234.22297983037086
133,14,ASUS,Gaming,AMD,512 GB,NVIDIA,16,Windows,No,Heavy,99990,141.21199808219862
134,15,ASUS,Gaming,AMD,1 TB,NVIDIA,16,Windows,No,Heavy,105990,141.21199808219862
135,16,ASUS,Gaming,Intel,512 GB,NVIDIA,8,Windows,No,Heavy,81990,141.21199808219862
136,17,MSI,Gaming,Intel,1 TB,NVIDIA,16,Windows,No,Heavy,129990,188.28266410959816
137,18,LENOVO,Ultraportable,Intel,512 GB,Intel,8,Windows,No,Medium,53490,141.21199808219862
138,19,ASUS,Gaming,Intel,512 GB,NVIDIA,8,Windows,No,Heavy,62990,141.21199808219862
139,20,APPLE,Ultraportable,Others,512 GB,None,8,Mac,No,Light,149900,226.98300468106115
140,21,ASUS,Notebook,Intel,256 GB,Intel,8,Windows,Yes,Light,42990,165.6321180513006
141,22,DELL,Ultraportable,Intel,512 GB,Intel,8,Windows,No,Medium,41846,141.21199808219862
142,23,MSI,Gaming,Intel,2 TB,NVIDIA,32,Windows,No,Heavy,392990,254.67134914246222
143,24,HP,Ultraportable,Intel,512 GB,Intel,8,Windows,No,Light,63499,157.3505121487356
144,1,ASUS,Gaming,AMD,1 TB,NVIDIA,16,Windows,No,Heavy,192860,188.28266410959816
146,3,HP,Ultraportable,Intel,256 GB,Intel,8,Windows,No,Medium,45515,141.21199808219862
147,4,DELL,Ultraportable,Intel,512 GB,Intel,8,Windows,No,Medium,42898,141.21199808219862
148,5,ASUS,Ultraportable,Intel,256 GB,Intel,8,Windows,No,Medium,45990,141.21199808219862
149,6,ASUS,Ultraportable,Intel,256 GB,Intel,16,Windows,No,Medium,64990,141.21199808219862
150,7,LENOVO,Ultraportable,AMD,512 GB,AMD,8,Windows,No,Medium,42332,141.21199808219862
151,8,HP,Gaming,AMD,512 GB,AMD,16,Windows,No,Heavy,109990,136.82653230324834
152,9,DELL,Notebook,Intel,512 GB,None,8,Windows,No,Heavy,45500,141.21199808219862
153,10,ASUS,Ultraportable,Intel,512 GB,Intel,8,Windows,No,Light,42990,157.3505121487356
154,11,ACER,Gaming,Intel,512 GB,NVIDIA,8,Windows,No,Heavy,54990,141.21199808219862
155,12,INFINIX,Ultraportable,Intel,512 GB,Intel,8,Windows,No,Light,35990,141.21199808219862
156,13,ASUS,Gaming,Intel,2 TB,NVIDIA,32,Windows,No,Heavy,261990,169.78089942830815
157,14,ASUS,Gaming,Intel,512 GB,NVIDIA,16,Windows,No,Heavy,85863,141.21199808219862
158,15,ASUS,Gaming,AMD,1 TB,AMD,16,Windows,Yes,Light,114990,168.96682624578992
159,16,LENOVO,Ultraportable,Intel,256 GB,Intel,8,Windows,No,Medium,30490,100.45466986113651
160,17,MSI,Notebook,Intel,512 GB,NVIDIA,16,Windows,No,Heavy,108990,190.6936351848168
161,18,LENOVO,Ultraportable,AMD,512 GB,AMD,8,Windows,No,Medium,35647,141.21199808219862
162,19,LENOVO,Ultraportable,Intel,512 GB,NVIDIA,8,Windows,No,Medium,51990,141.21199808219862
163,20,APPLE,Ultraportable,Others,512 GB,None,8,Mac,No,Light,149900,224.5056083176765
164,21,HP,Ultraportable,Intel,512 GB,Intel,16,Windows,No,Light,69990,157.3505121487356
165,22,HP,Gaming,AMD,512 GB,NVIDIA,8,Windows,No,Light,61990,141.21199808219862
166,23,INFINIX,Ultraportable,Intel,512 GB,Intel,16,Windows,No,Light,44990,157.3505121487356
167,24,ASUS,Ultraportable,Intel,512 GB,Intel,8,Windows,No,Light,42990,157.3505121487356
168,1,HP,Gaming,Intel,256 GB,NVIDIA,8,Windows,No,Heavy,69990,141.21199808219862
169,2,ASUS,Ultraportable,AMD,512 GB,AMD,8,Windows,No,Medium,42990,157.3505121487356
170,3,HP,Ultraportable,Intel,512 GB,Intel,16,Windows,No,Light,69990,157.3505121487356
171,4,ASUS,Ultraportable,Intel,512 GB,Intel,8,Windows,No,Light,42990,157.3505121487356
172,5,INFINIX,Ultraportable,Intel,512 GB,Intel,16,Windows,No,Light,44990,157.3505121487356
173,6,APPLE,Notebook,Others,1 TB,None,16,Mac,No,Heavy,245990,254.0233485458816
174,7,MSI,Gaming,AMD,1 TB,AMD,16,Windows,No,Heavy,119990,141.21199808219862
175,8,ASUS,Ultraportable,Intel,512 GB,Intel,8,Windows,No,Light,43990,156.23455106966654
176,9,ACER,Gaming,Intel,256 GB,NVIDIA,16,Windows,No,Heavy,104990,141.21199808219862
177,10,DELL,Ultraportable,Intel,512 GB,Intel,8,Windows,No,Light,43325,157.3505121487356
178,11,ASUS,Gaming,AMD,1 TB,NVIDIA,8,Windows,No,Heavy,65990,141.21199808219862
179,12,ACER,Ultraportable,Intel,256 GB,Intel,4,Windows,No,Medium,33999,141.21199808219862
180,13,ASUS,Gaming,AMD,1 TB,NVIDIA,16,Windows,No,Heavy,157990,188.28266410959816
181,14,ACER,Gaming,AMD,512 GB,NVIDIA,8,Windows,No,Heavy,58989,141.21199808219862
182,15,ASUS,Ultraportable,AMD,512 GB,AMD,8,Windows,No,Heavy,42900,83.20502943378438
183,16,ACER,Gaming,Intel,512 GB,NVIDIA,8,Windows,No,Heavy,54990,141.21199808219862
184,17,DELL,Ultraportable,Intel,None,Intel,8,Windows,No,Medium,39561,147.25315308036753
185,18,DELL,Notebook,Intel,512 GB,Intel,8,Windows,Yes,Light,59890,157.3505121487356
186,19,ASUS,Gaming,AMD,1 TB,AMD,16,Windows,No,Heavy,150990,188.28266410959816
187,20,DELL,Ultraportable,Intel,512 GB,Intel,8,Windows,Yes,Light,69999,157.3505121487356
188,21,APPLE,Ultraportable,Others,512 GB,None,16,Mac,No,Light,132900,226.98300468106115
189,22,ASUS,Gaming,AMD,1 TB,NVIDIA,16,Windows,No,Heavy,140990,141.21199808219862
190,23,MSI,Gaming,Intel,512 GB,NVIDIA,16,Windows,No,Heavy,85990,141.21199808219862
191,24,ASUS,Ultraportable,Intel,512 GB,Intel,8,Windows,Yes,Medium,53990,141.21199808219862
192,1,ASUS,Gaming,AMD,1 TB,NVIDIA,16,Windows,No,Heavy,199990,188.28266410959816
193,2,ASUS,Ultraportable,Intel,512 GB,Intel,16,Windows,No,Medium,71990,141.21199808219862
194,3,ASUS,Ultraportable,Intel,512 GB,Intel,8,Windows,Yes,Medium,84990,157.3505121487356
195,4,DELL,Gaming,Intel,512 GB,NVIDIA,16,Windows,No,Heavy,72490,141.21199808219862
196,5,ACER,Notebook,Intel,512 GB,Intel,8,Windows,No,Medium,36826,141.21199808219862
197,6,LENOVO,Notebook,Intel,256 GB,Intel,4,Windows,No,Medium,44700,141.21199808219862
198,7,ASUS,Gaming,Intel,512 GB,NVIDIA,8,Windows,No,Heavy,60990,141.21199808219862
199,8,HP,Ultraportable,AMD,512 GB,AMD,8,Windows,No,Medium,54999,141.21199808219862
200,9,ASUS,Gaming,Intel,1 TB,NVIDIA,8,Windows,No,Medium,84990,141.21199808219862
201,10,HP,Gaming,Intel,512 GB,NVIDIA,8,Windows,No,Heavy,75900,141.21199808219862
202,11,MSI,Gaming,Intel,1 TB,NVIDIA,16,Windows,No,Heavy,189990,127.33567457123111
203,12,APPLE,Ultraportable,Others,1 TB,None,8,Mac,No,Light,152990,226.98300468106115
204,13,APPLE,Ultraportable,Others,512 GB,None,16,Mac,No,Light,132900,226.98300468106115
205,14,HP,Gaming,AMD,512 GB,NVIDIA,8,Windows,No,Heavy,60990,141.21199808219862
206,15,ASUS,Gaming,AMD,1 TB,NVIDIA,16,Windows,No,Heavy,162990,188.28266410959816
207,16,DELL,Notebook,Intel,None,Intel,8,Windows,No,Medium,42900,141.21199808219862
208,17,ASUS,Notebook,Intel,256 GB,Intel,8,Windows,No,Medium,44990,141.21199808219862
209,18,APPLE,Notebook,Others,1 TB,None,16,Mac,No,Heavy,240990,254.0233485458816
210,19,LENOVO,Ultraportable,Intel,256 GB,Intel,4,Windows,No,Heavy,38990,146.86047800548656
211,20,DELL,Ultraportable,Intel,256 GB,Intel,8,Windows,No,Medium,59890,141.21199808219862
212,21,ASUS,Notebook,Intel,512 GB,Intel,8,Windows,Yes,Light,74990,161.72539083525606
213,22,ACER,Ultraportable,Intel,512 GB,Intel,8,Windows,No,Light,62990,209.8006828649808
214,23,ASUS,Gaming,Intel,512 GB,NVIDIA,16,Windows,No,Heavy,94990,127.33567457123111
215,24,ASUS,Ultraportable,Intel,512 GB,Intel,8,Windows,No,Light,64990,165.6321180513006
216,1,ASUS,Notebook,Intel,128 GB,Intel,4,Windows,Yes,Light,30490,135.0942111925629
217,2,HP,Notebook,AMD,None,AMD,8,Windows,No,Light,34990,141.21199808219862
218,3,APPLE,Ultraportable,Others,512 GB,None,8,Mac,No,Light,110900,226.98300468106115
219,4,DELL,Notebook,AMD,512 GB,AMD,8,Windows,No,Medium,41210,141.21199808219862
220,5,ACER,Notebook,AMD,512 GB,Intel,4,Windows,No,Heavy,29990,141.21199808219862
221,6,APPLE,Ultraportable,Others,256 GB,None,8,Mac,No,Light,129900,226.98300468106115
223,8,ACER,Ultraportable,Intel,512 GB,Intel,8,Windows,No,Medium,44990,141.21199808219862
224,9,ASUS,Notebook,AMD,512 GB,NVIDIA,16,Windows,No,Medium,71990,141.21199808219862
225,10,ASUS,Notebook,Intel,256 GB,Intel,8,Windows,No,Light,44990,157.3505121487356
226,11,DELL,Notebook,Intel,512 GB,Intel,8,Windows,No,Light,67990,137.68169813014364
227,12,ASUS,Notebook,AMD,1 TB,NVIDIA,8,Windows,No,Light,101990,242.5880862528841
228,13,HP,Ultraportable,AMD,256 GB,AMD,8,Windows,No,Medium,30690,100.45466986113651
229,14,LENOVO,Gaming,AMD,512 GB,NVIDIA,16,Windows,No,Heavy,79490,141.21199808219862
230,15,ASUS,Gaming,AMD,512 GB,NVIDIA,8,Windows,No,Heavy,80990,141.21199808219862
231,16,ASUS,Notebook,Intel,512 GB,Intel,16,Windows,Yes,Light,109990,242.5880862528841
232,17,HP,Ultraportable,AMD,512 GB,AMD,8,Windows,No,Medium,29690,100.45466986113651
234,19,ASUS,Ultraportable,AMD,512 GB,AMD,16,Windows,No,Medium,62990,141.21199808219862
235,20,DELL,Ultraportable,Intel,None,Intel,8,Windows,No,Light,45060,157.3505121487356
236,21,ASUS,Notebook,Intel,512 GB,Intel,16,Windows,Yes,Light,87990,165.6321180513006
238,23,INFINIX,Ultraportable,Intel,256 GB,Intel,8,Windows,No,Light,29990,157.3505121487356
239,24,INFINIX,Ultraportable,Intel,512 GB,Intel,8,Windows,No,Light,32990,157.3505121487356
240,1,ASUS,Notebook,Intel,512 GB,Intel,16,Windows,Yes,Light,87990,165.6321180513006
241,2,HP,Ultraportable,AMD,256 GB,AMD,8,Windows,No,Medium,30690,100.45466986113651
243,4,INFINIX,Ultraportable,Intel,256 GB,Intel,8,Windows,No,Light,29990,157.3505121487356
244,5,HP,Ultraportable,AMD,512 GB,AMD,8,Windows,No,Light,41490,157.3505121487356
245,6,DELL,Notebook,Intel,512 GB,Intel,8,Windows,Yes,Light,72547,157.3505121487356
246,7,APPLE,Ultraportable,Others,512 GB,None,8,Mac,No,Light,149900,224.5056083176765
247,8,ASUS,Notebook,Intel,512 GB,Intel,8,Windows,Yes,Light,64990,157.3505121487356
248,9,ASUS,Notebook,Intel,256 GB,Intel,8,Windows,No,Light,42990,141.21199808219862
249,10,LENOVO,Ultraportable,Intel,256 GB,Intel,8,Windows,No,Medium,39490,141.21199808219862
250,11,LENOVO,Notebook,AMD,None,AMD,4,Windows,No,Heavy,30990,100.45466986113651
251,12,ASUS,Ultraportable,Intel,None,NVIDIA,8,Windows,No,Medium,83990,157.3505121487356
252,13,LENOVO,Notebook,Intel,512 GB,Intel,8,Windows,Yes,Medium,58990,157.3505121487356
253,14,APPLE,Ultraportable,Others,256 GB,None,8,Mac,No,Light,119900,224.5056083176765
254,15,ASUS,Ultraportable,AMD,512 GB,AMD,16,Windows,No,Medium,69990,141.50971698084905
255,16,DELL,Notebook,AMD,512 GB,AMD,8,Windows,No,Heavy,61490,137.68169813014364
256,17,MSI,Gaming,Intel,512 GB,NVIDIA,16,Windows,No,Heavy,85990,141.21199808219862
257,18,LENOVO,Ultraportable,AMD,512 GB,AMD,8,Windows,No,Light,58990,157.3505121487356
259,20,ASUS,Notebook,Intel,512 GB,Intel,8,Windows,No,Light,47990,141.21199808219862
260,21,ACER,Notebook,Intel,256 GB,Intel,8,Windows,No,Medium,35019,141.21199808219862
261,22,DELL,Notebook,Intel,512 GB,NVIDIA,16,Windows,Yes,Light,82990,157.3505121487356
262,23,ASUS,Ultraportable,AMD,512 GB,AMD,16,Windows,No,Medium,64990,141.21199808219862
263,24,ASUS,Gaming,Intel,1 TB,NVIDIA,16,Windows,No,Heavy,122990,188.28266410959816
264,1,LENOVO,Gaming,Intel,512 GB,NVIDIA,8,Windows,No,Heavy,67490,141.21199808219862
265,2,ASUS,Notebook,Intel,1 TB,NVIDIA,16,Windows,No,Heavy,219990,283.0194339616981
266,3,ASUS,Gaming,AMD,1 TB,NVIDIA,16,Windows,No,Heavy,196990,188.28266410959816
267,4,ASUS,Ultraportable,Intel,256 GB,Intel,16,Windows,No,Medium,61890,141.21199808219862
268,5,ASUS,Gaming,AMD,1 TB,NVIDIA,16,Windows,No,Heavy,146990,141.21199808219862
269,6,MSI,Gaming,Intel,512 GB,NVIDIA,8,Windows,No,Medium,51990,141.21199808219862
270,7,ASUS,Gaming,AMD,1 TB,AMD,16,Windows,No,Heavy,161990,188.28266410959816
271,8,DELL,Gaming,AMD,512 GB,NVIDIA,8,Windows,No,Heavy,72990,141.21199808219862
272,9,APPLE,Ultraportable,Others,256 GB,None,8,Mac,No,Light,119900,224.5056083176765
273,10,HP,Notebook,Intel,256 GB,Intel,8,Windows,No,Medium,40990,141.21199808219862
274,11,DELL,Notebook,Intel,None,Intel,8,Windows,No,Medium,42400,141.21199808219862
275,12,DELL,Ultraportable,AMD,256 GB,AMD,8,Windows,No,Medium,34990,141.21199808219862
276,13,ASUS,Notebook,Intel,512 GB,Intel,8,Windows,No,Medium,39980,141.21199808219862
277,14,ASUS,Gaming,AMD,1 TB,NVIDIA,16,Windows,No,Heavy,211990,188.28266410959816
278,15,APPLE,Notebook,Others,512 GB,None,16,Mac,No,Heavy,227990,254.0233485458816
279,16,ASUS,Notebook,Intel,128 GB,Intel,8,Linux/Others,Yes,Medium,49990,157.3505121487356
280,17,ACER,Gaming,Intel,512 GB,NVIDIA,8,Windows,No,Heavy,57990,141.21199808219862
281,18,ASUS,Notebook,Intel,512 GB,Intel,16,Windows,Yes,Medium,144990,234.22297983037086
282,19,ASUS,Notebook,Intel,None,Intel,4,Windows,Yes,Medium,37990,165.6321180513006
283,20,DELL,Ultraportable,AMD,512 GB,AMD,8,Windows,No,Medium,41632,141.21199808219862
284,21,MSI,Notebook,Intel,1 TB,NVIDIA,16,Windows,No,Heavy,124990,190.6936351848168
285,22,ASUS,Ultraportable,Intel,512 GB,Intel,8,Windows,No,Light,47990,157.3505121487356
286,23,DELL,Ultraportable,Intel,256 GB,Intel,4,Windows,No,Light,40990,157.3505121487356
287,24,ASUS,Ultraportable,AMD,1 TB,AMD,16,Windows,Yes,Light,125999,255.35588026619376
288,1,ASUS,Ultraportable,Intel,512 GB,NVIDIA,16,Windows,Yes,Medium,89990,157.3505121487356
289,2,HP,Gaming,Intel,512 GB,NVIDIA,8,Windows,No,Heavy,87990,141.21199808219862
290,3,APPLE,Ultraportable,Others,512 GB,None,8,Mac,No,Light,149900,226.98300468106115
291,4,HP,Ultraportable,AMD,512 GB,AMD,16,Windows,No,Light,70999,157.3505121487356
292,5,ASUS,Gaming,Intel,1 TB,NVIDIA,16,Windows,No,Light,139999,141.21199808219862
293,6,ASUS,Notebook,Intel,512 GB,Intel,8,Windows,No,Medium,39980,141.21199808219862
294,7,ASUS,Gaming,Intel,1 TB,NVIDIA,8,Windows,No,Heavy,65990,141.21199808219862
295,8,ASUS,Gaming,Intel,1 TB,NVIDIA,16,Windows,No,Heavy,114990,127.33567457123111
296,9,APPLE,Ultraportable,Others,512 GB,None,8,Mac,No,Light,117900,226.98300468106115
297,10,APPLE,Ultraportable,Others,256 GB,None,8,Mac,No,Light,89990,226.98300468106115
298,11,ASUS,Ultraportable,Intel,512 GB,Intel,16,Windows,No,Heavy,53500,127.33567457123111
299,12,DELL,Gaming,Intel,512 GB,NVIDIA,16,Windows,No,Heavy,76990,141.21199808219862
300,13,ASUS,Ultraportable,Intel,512 GB,Intel,16,Windows,No,Light,89990,242.5880862528841
301,14,HP,Gaming,AMD,512 GB,NVIDIA,16,Windows,No,Heavy,99990,136.82653230324834
302,15,ASUS,Notebook,Intel,512 GB,NVIDIA,16,Windows,No,Medium,89990,141.21199808219862
303,16,DELL,Notebook,AMD,256 GB,AMD,8,Windows,No,Medium,42990,141.21199808219862
304,17,ASUS,Notebook,Intel,256 GB,Intel,8,Windows,No,Medium,28960,111.93520355955211
305,18,HP,Ultraportable,AMD,512 GB,AMD,8,Windows,No,Medium,56490,141.21199808219862
306,19,ASUS,Ultraportable,Intel,512 GB,Intel,8,Windows,Yes,Light,49990,157.3505121487356
307,20,ASUS,Gaming,AMD,512 GB,NVIDIA,8,Windows,No,Heavy,76990,127.33567457123111
308,21,ASUS,Gaming,AMD,1 TB,NVIDIA,16,Windows,Yes,Heavy,171990,188.67962264113208
309,22,DELL,Ultraportable,Intel,None,Intel,8,Windows,No,Medium,49000,141.21199808219862
310,23,ASUS,Gaming,AMD,512 GB,NVIDIA,16,Windows,No,Heavy,89990,141.21199808219862
311,24,ASUS,Notebook,Intel,512 GB,NVIDIA,16,Windows,No,Medium,89990,141.21199808219862
312,1,HP,Gaming,AMD,None,NVIDIA,8,Windows,No,Heavy,54990,141.21199808219862
313,2,ASUS,Gaming,AMD,512 GB,NVIDIA,8,Windows,No,Heavy,61990,141.21199808219862
314,3,ASUS,Notebook,AMD,512 GB,AMD,16,Windows,Yes,Light,91990,242.5880862528841
315,4,DELL,Ultraportable,Intel,512 GB,Intel,16,Windows,No,Light,93890,165.6321180513006
316,5,ASUS,Notebook,AMD,256 GB,AMD,8,Windows,No,Light,33990,141.21199808219862
317,6,DELL,Notebook,Intel,512 GB,NVIDIA,16,Windows,No,Light,68866,141.21199808219862
318,7,LENOVO,Gaming,AMD,512 GB,NVIDIA,8,Windows,No,Heavy,61990,141.21199808219862
319,8,HP,Gaming,AMD,1 TB,NVIDIA,16,Windows,No,Heavy,152000,188.28266410959816
320,9,MSI,Ultraportable,Intel,512 GB,Intel,16,Windows,No,Light,74990,157.3505121487356
321,10,LENOVO,Ultraportable,Intel,256 GB,Intel,4,Windows,No,Light,27979,111.93520355955211
322,11,DELL,Ultraportable,AMD,256 GB,AMD,8,Windows,No,Medium,33374,141.21199808219862
323,12,ASUS,Gaming,AMD,1 TB,NVIDIA,16,Windows,No,Medium,119990,141.21199808219862
325,14,INFINIX,Ultraportable,Intel,128 GB,Intel,4,Windows,No,Light,22990,157.3505121487356
326,15,ASUS,Notebook,Intel,512 GB,Intel,8,Windows,Yes,Light,49990,141.21199808219862
327,16,INFINIX,Ultraportable,Intel,512 GB,Intel,8,Windows,No,Light,39990,157.3505121487356
328,17,INFINIX,Ultraportable,Intel,512 GB,Intel,16,Windows,No,Light,44990,157.3505121487356
329,18,ASUS,Notebook,Intel,512 GB,Intel,8,Windows,No,Light,79990,165.6321180513006
330,19,APPLE,Ultraportable,Others,256 GB,None,8,Mac,No,Light,119900,224.5056083176765
331,20,HP,Ultraportable,AMD,512 GB,AMD,16,Windows,No,Medium,63990,141.21199808219862
332,21,ASUS,Gaming,AMD,1 TB,AMD,16,Windows,Yes,Heavy,211990,188.67962264113208
333,22,ASUS,Gaming,AMD,1 TB,NVIDIA,16,Windows,No,Heavy,117990,141.21199808219862
334,23,ASUS,Gaming,Intel,512 GB,NVIDIA,16,Windows,No,Heavy,63980,141.21199808219862
335,24,HP,Gaming,Intel,1 TB,NVIDIA,16,Windows,No,Heavy,118000,136.82653230324834
336,1,ASUS,Ultraportable,AMD,512 GB,AMD,16,Windows,Yes,Light,99990,255.35588026619376
337,2,ASUS,Ultraportable,Intel,None,Intel,4,Windows,No,Medium,31390,156.23455106966654
338,3,DELL,Notebook,Intel,512 GB,Intel,16,Windows,No,Medium,93990,226.98300468106115
339,4,HP,Notebook,AMD,None,AMD,8,Windows,No,Medium,36390,111.93520355955211
340,5,ASUS,Gaming,AMD,2 TB,NVIDIA,32,Windows,No,Heavy,249990,141.50971698084905
341,6,APPLE,Notebook,Others,512 GB,None,16,Mac,No,Heavy,225990,254.0233485458816
342,7,APPLE,Ultraportable,Others,256 GB,None,8,Mac,No,Light,119900,224.5056083176765
343,8,DELL,Ultraportable,AMD,256 GB,AMD,8,Windows,No,Medium,37225,141.21199808219862
344,9,ASUS,Notebook,Intel,1 TB,NVIDIA,8,Windows,No,Medium,66990,141.21199808219862
345,10,MSI,Ultraportable,Intel,512 GB,Intel,8,Windows,No,Light,56990,157.3505121487356
346,11,ASUS,Gaming,AMD,2 TB,NVIDIA,32,Windows,No,Heavy,249990,141.50971698084905
347,12,ASUS,Gaming,AMD,512 GB,NVIDIA,16,Windows,No,Heavy,94990,141.21199808219862
348,13,DELL,Ultraportable,AMD,512 GB,AMD,8,Windows,No,Medium,44207,141.21199808219862
349,14,ACER,Gaming,Intel,1 TB,NVIDIA,16,Windows,No,Heavy,124990,188.28266410959816
350,15,ASUS,Gaming,Intel,1 TB,NVIDIA,32,Windows,No,Heavy,301990,188.28266410959816
351,16,ASUS,Notebook,AMD,512 GB,AMD,16,Windows,No,Medium,69990,141.50971698084905
352,17,DELL,Ultraportable,AMD,512 GB,AMD,8,Windows,No,Light,41519,157.3505121487356
353,18,MSI,Gaming,Intel,1 TB,NVIDIA,16,Windows,No,Heavy,113990,141.21199808219862
354,19,MSI,Gaming,Intel,512 GB,NVIDIA,16,Windows,No,Medium,89990,141.21199808219862
355,20,APPLE,Ultraportable,Others,1 TB,None,16,Mac,No,Medium,226990,253.93034266273992
356,21,ASUS,Notebook,Intel,1 TB,Intel,32,Windows,Yes,Medium,224990,234.22297983037086
357,22,HP,Ultraportable,AMD,512 GB,AMD,8,Windows,No,Light,60990,157.3505121487356
358,23,ASUS,Ultraportable,AMD,512 GB,AMD,8,Windows,No,Light,58990,157.3505121487356
359,24,ASUS,Notebook,Intel,512 GB,Intel,16,Windows,No,Light,95500,141.21199808219862
360,1,ASUS,Notebook,Intel,512 GB,Intel,16,Windows,No,Light,95500,141.21199808219862
361,2,MSI,Gaming,Intel,1 TB,NVIDIA,16,Windows,No,Heavy,200000,188.28266410959816
362,3,ASUS,Gaming,AMD,1 TB,NVIDIA,16,Windows,No,Heavy,201990,188.28266410959816
363,4,INFINIX,Ultraportable,Intel,512 GB,Intel,8,Windows,No,Light,39990,157.3505121487356
364,5,HP,Ultraportable,Intel,512 GB,Intel,8,Windows,Yes,Light,59999,157.3505121487356
365,6,HP,Ultraportable,Intel,512 GB,Intel,16,Windows,Yes,Light,78800,157.3505121487356
366,7,MSI,Gaming,Intel,512 GB,NVIDIA,16,Windows,No,Heavy,115990,141.21199808219862
367,8,ASUS,Notebook,Intel,1 TB,NVIDIA,32,Windows,No,Heavy,239990,283.0194339616981
368,9,ACER,Gaming,Intel,1 TB,NVIDIA,16,Windows,No,Heavy,189990,188.28266410959816
369,10,MSI,Notebook,Intel,512 GB,Intel,8,Windows,No,Light,56490,157.3505121487356
370,11,ASUS,Ultraportable,Intel,512 GB,Intel,4,Windows,No,Medium,34990,141.21199808219862
371,12,LENOVO,Ultraportable,Intel,256 GB,Intel,4,Windows,No,Light,27979,111.93520355955211
372,13,LENOVO,Ultraportable,Intel,512 GB,Intel,8,Windows,No,Medium,67990,141.21199808219862
373,14,DELL,Ultraportable,Intel,256 GB,Intel,4,Windows,No,Light,42278,157.3505121487356
374,15,ASUS,Gaming,Intel,512 GB,NVIDIA,8,Windows,No,Heavy,59980,141.21199808219862
375,16,DELL,Gaming,AMD,512 GB,NVIDIA,16,Windows,No,Heavy,89081,141.21199808219862
376,17,HP,Ultraportable,AMD,256 GB,AMD,8,Windows,No,Medium,39500,141.21199808219862
377,18,ACER,Gaming,Intel,512 GB,NVIDIA,8,Windows,No,Heavy,84999,141.21199808219862
378,19,ASUS,Notebook,Intel,256 GB,Intel,8,Windows,No,Heavy,48990,111.93520355955211
379,20,ASUS,Notebook,Intel,128 GB,Intel,4,Windows,No,Light,24490,135.0942111925629
381,22,INFINIX,Ultraportable,Intel,512 GB,Intel,8,Windows,No,Light,42990,141.21199808219862
382,23,DELL,Ultraportable,Intel,256 GB,Intel,4,Windows,No,Light,36057,157.3505121487356
383,24,HP,Gaming,Intel,512 GB,NVIDIA,16,Windows,No,Heavy,105000,141.21199808219862
384,1,ASUS,Ultraportable,Intel,512 GB,NVIDIA,16,Windows,Yes,Medium,89990,157.3505121487356
385,2,DELL,Ultraportable,AMD,256 GB,AMD,8,Windows,No,Medium,38307,141.21199808219862
386,3,APPLE,Ultraportable,Others,256 GB,None,16,Mac,No,Light,112900,226.98300468106115
387,4,ACER,Gaming,Intel,512 GB,NVIDIA,8,Windows,No,Light,69990,141.21199808219862
388,5,HP,Gaming,AMD,512 GB,NVIDIA,8,Windows,No,Heavy,75210,141.21199808219862
389,6,ASUS,Gaming,Intel,1 TB,NVIDIA,16,Windows,No,Heavy,109990,127.33567457123111
390,7,ASUS,Notebook,Intel,1 TB,NVIDIA,16,Windows,No,Heavy,179990,188.67962264113208
391,8,APPLE,Ultraportable,Others,512 GB,None,8,Mac,No,Light,109990,226.98300468106115
392,9,ACER,Notebook,AMD,256 GB,AMD,8,Windows,No,Heavy,26780,111.93520355955211
393,10,LENOVO,Notebook,Intel,512 GB,Intel,16,Windows,Yes,Heavy,102990,157.3505121487356
394,11,APPLE,Ultraportable,Others,512 GB,None,8,Mac,No,Light,149900,224.5056083176765
395,12,ACER,Gaming,Intel,512 GB,NVIDIA,16,Windows,No,Heavy,117990,188.28266410959816
396,13,INFINIX,Ultraportable,Intel,512 GB,Intel,8,Windows,No,Light,39990,157.3505121487356
397,14,APPLE,Ultraportable,Others,256 GB,None,8,Mac,No,Light,129900,226.98300468106115
398,15,ASUS,Gaming,AMD,1 TB,NVIDIA,32,Windows,Yes,Heavy,261990,188.67962264113208
399,16,ACER,Ultraportable,Intel,512 GB,Intel,8,Windows,Yes,Light,74999,157.3505121487356
400,17,HP,Ultraportable,Intel,512 GB,Intel,8,Windows,No,Medium,40990,141.21199808219862
401,18,ACER,Notebook,Intel,256 GB,Intel,8,Windows,No,Medium,46040,157.3505121487356
402,19,ASUS,Ultraportable,Intel,512 GB,Intel,16,Windows,Yes,Medium,67590,141.21199808219862
403,20,ACER,Gaming,Intel,512 GB,NVIDIA,8,Windows,No,Heavy,61999,141.21199808219862
405,22,HP,Ultraportable,Intel,256 GB,Intel,8,Windows,No,Light,50650,157.3505121487356
406,23,ASUS,Ultraportable,Intel,None,Intel,4,Windows,No,Light,21990,135.0942111925629
407,24,LENOVO,Ultraportable,Intel,256 GB,Intel,4,Windows,No,Heavy,37000,146.86047800548656
408,1,ASUS,Ultraportable,Intel,512 GB,Intel,8,Windows,No,Light,56990,157.3505121487356
409,2,HP,Gaming,AMD,512 GB,NVIDIA,8,Windows,No,Heavy,57500,141.21199808219862
410,3,LENOVO,Ultraportable,Intel,512 GB,NVIDIA,8,Windows,No,Light,95490,157.3505121487356
411,4,HP,Ultraportable,Intel,512 GB,Intel,16,Windows,No,Medium,71999,141.21199808219862
412,5,ASUS,Ultraportable,Intel,512 GB,NVIDIA,8,Windows,No,Medium,51990,141.21199808219862
413,6,ASUS,Gaming,AMD,2 TB,NVIDIA,32,Windows,No,Heavy,361990,141.50971698084905
414,7,INFINIX,Ultraportable,Intel,512 GB,Intel,16,Windows,No,Light,47490,157.3505121487356
415,8,DELL,Ultraportable,Intel,512 GB,NVIDIA,8,Windows,No,Light,57500,157.3505121487356
416,9,ASUS,Gaming,AMD,1 TB,AMD,16,Windows,Yes,Heavy,191990,188.67962264113208
417,10,ASUS,Notebook,Intel,None,Intel,4,Linux/Others,Yes,Light,20990,111.93520355955211
418,11,APPLE,Ultraportable,Others,512 GB,None,8,Mac,No,Light,117900,226.98300468106115
419,12,ACER,Gaming,Intel,1 TB,NVIDIA,16,Windows,No,Light,147999,188.28266410959816
420,13,ACER,Ultraportable,AMD,512 GB,AMD,8,Windows,No,Medium,55990,141.21199808219862
421,14,ASUS,Gaming,AMD,2 TB,NVIDIA,32,Windows,No,Heavy,391990,188.67962264113208
422,15,ASUS,Gaming,AMD,1 TB,AMD,32,Windows,Yes,Light,171990,168.96682624578992
423,16,LENOVO,Gaming,AMD,512 GB,NVIDIA,8,Windows,No,Heavy,66490,141.21199808219862
424,17,DELL,Ultraportable,Intel,512 GB,Intel,8,Windows,No,Medium,70990,141.21199808219862
425,18,MSI,Gaming,Intel,1 TB,NVIDIA,16,Windows,No,Heavy,172990,188.67962264113208
426,19,ASUS,Gaming,Intel,512 GB,NVIDIA,8,Windows,No,Heavy,57490,141.21199808219862
427,20,ACER,Ultraportable,Intel,512 GB,Intel,8,Windows,No,Medium,51066,141.21199808219862
428,21,ASUS,Notebook,AMD,512 GB,AMD,8,Windows,No,Medium,59990,242.5880862528841
429,22,HP,Ultraportable,Intel,512 GB,Intel,8,Windows,No,Light,40990,157.3505121487356
430,23,LENOVO,Ultraportable,AMD,512 GB,AMD,16,Windows,Yes,Light,74990,165.6321180513006
431,24,APPLE,Ultraportable,Others,512 GB,None,8,Mac,No,Light,117900,226.98300468106115
432,1,ASUS,Gaming,Intel,1 TB,NVIDIA,16,Windows,No,Heavy,139990,141.50971698084905
433,2,ASUS,Ultraportable,Intel,512 GB,Intel,16,Windows,Yes,Light,114990,242.5880862528841
434,3,HP,Ultraportable,Intel,512 GB,Intel,16,Windows,No,Medium,63900,141.21199808219862
435,4,DELL,Ultraportable,Intel,256 GB,Intel,8,Windows,No,Medium,42907,157.3505121487356
436,5,ASUS,Gaming,Intel,1 TB,NVIDIA,16,Windows,No,Heavy,144990,141.21199808219862
437,6,APPLE,Notebook,Intel,1 TB,AMD,16,Mac,No,Heavy,215990,226.4155471693585
438,7,DELL,Gaming,AMD,512 GB,NVIDIA,16,Windows,No,Heavy,99990,141.21199808219862
439,8,ASUS,Ultraportable,Intel,512 GB,Intel,16,Windows,No,Light,104990,242.5880862528841
440,9,ASUS,Ultraportable,Intel,None,Intel,8,Windows,No,Medium,62490,111.93520355955211
441,10,DELL,Ultraportable,AMD,512 GB,AMD,8,Windows,No,Light,49658,157.3505121487356
442,11,ASUS,Gaming,AMD,1 TB,AMD,16,Windows,Yes,Heavy,207990,188.67962264113208
443,12,ASUS,Ultraportable,Intel,512 GB,Intel,8,Windows,No,Light,44990,157.3505121487356
444,13,ASUS,Ultraportable,Intel,1 TB,Intel,16,Windows,Yes,Medium,169990,234.22297983037086
445,14,DELL,Gaming,Intel,512 GB,NVIDIA,16,Windows,No,Heavy,78990,141.21199808219862
446,15,HP,Ultraportable,AMD,512 GB,AMD,8,Windows,No,Light,56499,157.3505121487356
447,16,LENOVO,Ultraportable,Intel,None,Intel,4,Linux/Others,Yes,Light,39990,157.3505121487356
448,17,HP,Gaming,AMD,512 GB,NVIDIA,8,Windows,No,Heavy,59990,141.21199808219862
449,18,DELL,Ultraportable,Intel,256 GB,Intel,8,Windows,No,Light,42043,157.3505121487356
450,19,ASUS,Gaming,Intel,512 GB,NVIDIA,16,Windows,No,Heavy,100106,141.21199808219862
452,21,ACER,Gaming,AMD,512 GB,NVIDIA,8,Windows,No,Heavy,66990,141.21199808219862
453,22,ASUS,Gaming,Intel,512 GB,Intel,16,Windows,No,Heavy,174990,188.67962264113208
454,23,ASUS,Notebook,Intel,1 TB,NVIDIA,32,Windows,No,Heavy,259990,283.0194339616981
455,24,ASUS,Gaming,AMD,1 TB,AMD,16,Windows,Yes,Light,151990,168.96682624578992
456,1,ASUS,Gaming,AMD,1 TB,AMD,16,Windows,Yes,Light,151990,168.96682624578992
457,2,DELL,Ultraportable,AMD,256 GB,AMD,8,Windows,No,Medium,40847,157.3505121487356
458,3,ASUS,Gaming,AMD,1 TB,NVIDIA,32,Windows,Yes,Light,177900,337.93365249157983
459,4,MSI,Gaming,Intel,1 TB,NVIDIA,16,Windows,No,Heavy,114990,188.28266410959816
460,5,ACER,Ultraportable,Intel,1 TB,Intel,16,Windows,Yes,Light,96938,157.3505121487356
461,6,HP,Gaming,AMD,512 GB,NVIDIA,8,Windows,No,Heavy,70490,141.21199808219862
462,7,LENOVO,Gaming,Intel,256 GB,NVIDIA,8,Windows,No,Heavy,91999,141.21199808219862
463,8,ASUS,Gaming,Intel,512 GB,NVIDIA,8,Windows,No,Heavy,59990,141.21199808219862
464,9,ASUS,Gaming,AMD,1 TB,NVIDIA,16,Windows,No,Heavy,166990,157.3505121487356
465,10,ASUS,Gaming,AMD,1 TB,NVIDIA,32,Windows,Yes,Light,167990,168.96682624578992
466,11,ASUS,Notebook,AMD,512 GB,NVIDIA,16,Windows,No,Medium,77990,141.21199808219862
467,12,MSI,Gaming,Intel,1 TB,NVIDIA,16,Windows,No,Heavy,129990,188.28266410959816
468,13,ACER,Ultraportable,Intel,512 GB,AMD,8,Windows,No,Light,99500,282.42399616439724
469,14,ASUS,Gaming,Intel,512 GB,NVIDIA,16,Windows,No,Light,92990,139.3666994768726
470,15,ASUS,Gaming,AMD,512 GB,NVIDIA,16,Windows,No,Heavy,99990,141.21199808219862
471,16,MSI,Gaming,AMD,1 TB,AMD,16,Windows,No,Heavy,101500,141.21199808219862
472,17,MSI,Gaming,Intel,512 GB,NVIDIA,8,Windows,No,Medium,63990,141.21199808219862
473,18,MSI,Ultraportable,Intel,512 GB,Intel,16,Windows,No,Light,80490,157.3505121487356
474,19,DELL,Ultraportable,Intel,256 GB,Intel,8,Windows,No,Medium,43612,141.21199808219862
475,20,ASUS,Notebook,Intel,512 GB,Intel,16,Windows,No,Medium,48990,157.3505121487356
476,21,ASUS,Gaming,AMD,1 TB,NVIDIA,16,Windows,Yes,Light,147990,168.96682624578992
477,22,ASUS,Ultraportable,Intel,256 GB,Intel,8,Windows,No,Medium,36990,100.45466986113651
478,23,MSI,Gaming,Intel,2 TB,NVIDIA,32,Windows,No,Heavy,314990,169.78089942830815
479,24,ASUS,Ultraportable,Intel,None,NVIDIA,8,Linux/Others,No,Medium,69290,157.3505121487356
480,1,INFINIX,Ultraportable,Intel,512 GB,Intel,8,Windows,No,Light,39990,157.3505121487356
481,2,LENOVO,Ultraportable,Intel,512 GB,NVIDIA,16,Windows,No,Light,70479,188.67962264113206
482,3,DELL,Ultraportable,AMD,512 GB,AMD,8,Windows,No,Medium,44147,141.21199808219862
483,4,ASUS,Ultraportable,Intel,512 GB,Intel,8,Windows,No,Light,79990,165.6321180513006
484,5,DELL,Notebook,AMD,512 GB,AMD,8,Windows,No,Medium,66218,141.21199808219862
485,6,ASUS,Notebook,AMD,1 TB,NVIDIA,16,Windows,No,Light,117999,242.5880862528841
486,7,LENOVO,Ultraportable,Intel,512 GB,Intel,8,Windows,No,Medium,53490,141.21199808219862
487,8,DELL,Ultraportable,Intel,256 GB,Intel,8,Windows,No,Medium,44590,141.21199808219862
488,9,ASUS,Gaming,Intel,1 TB,NVIDIA,8,Windows,No,Heavy,74990,141.21199808219862
490,11,ASUS,Notebook,Intel,None,Intel,4,Linux/Others,Yes,Medium,25990,141.21199808219862
491,12,HP,Notebook,Others,None,Others,8,Windows,No,Light,38990,157.3505121487356
492,13,ACER,Gaming,Intel,128 GB,NVIDIA,8,Windows,No,Heavy,129999,141.21199808219862
493,14,ACER,Notebook,Intel,256 GB,Intel,8,Windows,No,Medium,56034,157.3505121487356
494,15,ASUS,Ultraportable,Intel,256 GB,Intel,8,Windows,No,Medium,45590,141.21199808219862
495,16,ASUS,Gaming,AMD,1 TB,NVIDIA,16,Windows,No,Heavy,135990,188.28266410959816
497,18,INFINIX,Ultraportable,Intel,512 GB,Intel,16,Windows,No,Light,50990,157.3505121487356
498,19,ASUS,Notebook,Intel,None,Intel,4,Linux/Others,Yes,Light,24990,111.93520355955211
499,20,ASUS,Ultraportable,Intel,1 TB,Intel,16,Windows,Yes,Medium,104990,157.3505121487356
500,21,ASUS,Notebook,Intel,None,Intel,4,Linux/Others,No,Light,18200,135.0942111925629
501,22,ASUS,Ultraportable,Intel,512 GB,Intel,8,Windows,No,Light,54190,157.3505121487356
502,23,INFINIX,Ultraportable,Intel,512 GB,Intel,8,Windows,No,Light,39990,157.3505121487356
503,24,INFINIX,Ultraportable,Intel,512 GB,Intel,8,Windows,No,Light,35990,141.21199808219862
504,1,HP,Gaming,AMD,512 GB,NVIDIA,16,Windows,No,Heavy,101090,136.82653230324834
505,2,MSI,Gaming,Intel,512 GB,NVIDIA,8,Windows,No,Heavy,84990,141.21199808219862
506,3,ACER,Notebook,Intel,None,Intel,4,Linux/Others,No,Heavy,24780,100.45466986113651
507,4,LENOVO,Ultraportable,Intel,256 GB,Intel,4,Windows,No,Heavy,23730,135.0942111925629
508,5,INFINIX,Ultraportable,Intel,512 GB,Intel,16,Windows,No,Light,50990,157.3505121487356
509,6,ASUS,Ultraportable,Intel,None,Intel,8,Windows,No,Medium,32990,100.45466986113651
510,7,ASUS,Notebook,Intel,512 GB,Intel,16,Windows,Yes,Light,104990,165.6321180513006
511,8,MSI,Notebook,AMD,512 GB,AMD,8,Windows,No,Medium,52990,141.21199808219862
512,9,INFINIX,Ultraportable,Intel,512 GB,Intel,8,Windows,No,Light,32990,157.3505121487356
513,10,ASUS,Notebook,Intel,512 GB,Intel,4,Windows,Yes,Light,46990,157.3505121487356
514,11,ASUS,Ultraportable,AMD,256 GB,AMD,8,Windows,No,Medium,34500,100.45466986113651
515,12,LENOVO,Gaming,AMD,256 GB,NVIDIA,8,Windows,No,Heavy,62490,141.21199808219862
516,13,HP,Notebook,AMD,None,AMD,8,Windows,No,Medium,33990,100.45466986113651
517,14,HP,Ultraportable,Intel,512 GB,Intel,16,Windows,Yes,Light,80490,157.3505121487356
518,15,HP,Ultraportable,Intel,None,Intel,8,Windows,No,Medium,40490,141.21199808219862
519,16,HP,Gaming,Intel,1 TB,NVIDIA,16,Windows,No,Heavy,132717,136.82653230324834
520,17,HP,Gaming,AMD,512 GB,NVIDIA,8,Windows,No,Heavy,57000,141.21199808219862
521,18,ASUS,Gaming,AMD,1 TB,NVIDIA,8,Windows,No,Heavy,65990,141.21199808219862
522,19,HP,Ultraportable,Intel,512 GB,Intel,16,Windows,No,Light,65980,157.3505121487356
523,20,LENOVO,Ultraportable,Intel,256 GB,Intel,8,Windows,No,Light,52990,141.21199808219862
524,21,DELL,Ultraportable,AMD,None,AMD,8,Windows,No,Medium,39003,141.21199808219862
525,22,HP,Gaming,Intel,1 TB,NVIDIA,16,Windows,No,Heavy,121700,136.82653230324834
526,23,ASUS,Gaming,AMD,1 TB,NVIDIA,16,Windows,No,Heavy,98990,127.33567457123111
527,24,ASUS,Ultraportable,AMD,256 GB,AMD,4,Windows,No,Medium,34500,141.21199808219862
528,1,MSI,Gaming,Intel,1 TB,NVIDIA,16,Windows,No,Heavy,207290,188.28266410959816
529,2,HP,Notebook,Intel,512 GB,None,16,Windows,No,Light,129990,267.07787225659183
530,3,DELL,Ultraportable,Intel,None,Intel,8,Windows,No,Light,42384,157.3505121487356
531,4,ASUS,Gaming,AMD,1 TB,NVIDIA,16,Windows,No,Heavy,157990,188.28266410959816
532,5,ASUS,Gaming,AMD,512 GB,NVIDIA,16,Windows,No,Heavy,99990,132.705251209777
533,6,HP,Ultraportable,Intel,256 GB,Intel,8,Windows,No,Light,29490,111.93520355955211
534,7,DELL,Gaming,AMD,512 GB,NVIDIA,16,Windows,No,Heavy,79890,141.21199808219862
535,8,ASUS,Ultraportable,Intel,1 TB,NVIDIA,16,Windows,Yes,Medium,104990,157.3505121487356
536,9,ASUS,Ultraportable,AMD,512 GB,AMD,8,Windows,No,Medium,55600,141.21199808219862
539,12,INFINIX,Ultraportable,Intel,512 GB,Intel,16,Windows,No,Light,44990,157.3505121487356
540,13,ASUS,Gaming,AMD,1 TB,NVIDIA,16,Windows,No,Heavy,130500,283.0194339616981
541,14,DELL,Ultraportable,Intel,256 GB,Intel,8,Windows,No,Medium,46990,141.21199808219862
542,15,MSI,Notebook,Intel,1 TB,NVIDIA,32,Windows,No,Heavy,229990,188.67962264113208
543,16,ASUS,Gaming,AMD,1 TB,NVIDIA,16,Windows,No,Heavy,107990,141.21199808219862
544,17,DELL,Gaming,Intel,512 GB,NVIDIA,16,Windows,No,Heavy,101990,141.21199808219862
545,18,LENOVO,Ultraportable,AMD,512 GB,AMD,8,Windows,No,Medium,50990,157.3505121487356
546,19,ASUS,Notebook,Intel,512 GB,Intel,8,Windows,Yes,Light,79990,165.6321180513006
547,20,HP,Notebook,AMD,512 GB,AMD,16,Windows,Yes,Light,83190,165.6321180513006
548,21,ACER,Notebook,Intel,512 GB,Intel,16,Windows,No,Medium,61920,141.21199808219862
549,22,LENOVO,Gaming,AMD,256 GB,NVIDIA,8,Windows,No,Heavy,82606,141.21199808219862
550,23,DELL,Gaming,AMD,512 GB,NVIDIA,16,Windows,No,Heavy,102990,141.21199808219862
551,1,HP,Gaming,AMD,512 GB,NVIDIA,8,Windows,No,Heavy,80490,141.21199808219862
552,2,ASUS,Gaming,Intel,2 TB,NVIDIA,32,Windows,No,Heavy,331990,188.67962264113208
553,3,ACER,Ultraportable,Intel,512 GB,Intel,8,Windows,No,Medium,49699,141.21199808219862
554,4,MSI,Ultraportable,Intel,512 GB,NVIDIA,16,Windows,No,Light,104990,157.3505121487356
555,5,ASUS,Gaming,AMD,512 GB,NVIDIA,16,Windows,No,Light,78990,141.21199808219862
557,7,HP,Ultraportable,Intel,512 GB,Intel,16,Windows,No,Light,69890,157.3505121487356
558,8,HP,Notebook,Intel,1 TB,None,16,Windows,No,Light,149990,267.07787225659183
559,9,DELL,Notebook,Intel,256 GB,Intel,4,Windows,Yes,Medium,46690,157.3505121487356
560,10,ACER,Ultraportable,AMD,512 GB,AMD,8,Windows,No,Light,59990,157.3505121487356
561,11,ASUS,Notebook,Intel,512 GB,Intel,8,Windows,No,Medium,59490,141.21199808219862
562,12,HP,Ultraportable,Intel,256 GB,Intel,8,Windows,No,Light,30490,111.93520355955211
563,13,DELL,Notebook,Intel,256 GB,Intel,8,Windows,No,Light,44990,141.21199808219862
565,15,HP,Gaming,Intel,1 TB,NVIDIA,16,Windows,No,Heavy,155490,136.82653230324834
566,16,LENOVO,Gaming,AMD,512 GB,NVIDIA,16,Windows,No,Heavy,73990,145.1381712624093
567,17,DELL,Gaming,AMD,512 GB,NVIDIA,16,Windows,No,Heavy,86990,141.21199808219862
568,18,DELL,Gaming,Intel,512 GB,NVIDIA,16,Windows,No,Heavy,104990,141.21199808219862
569,19,ASUS,Ultraportable,AMD,512 GB,AMD,16,Windows,No,Medium,80990,141.21199808219862
570,20,DELL,Notebook,Intel,256 GB,Intel,4,Windows,No,Medium,39852,146.86047800548656
571,21,ASUS,Gaming,Intel,512 GB,NVIDIA,8,Windows,No,Heavy,64500,141.21199808219862
572,22,ASUS,Ultraportable,Intel,512 GB,NVIDIA,16,Windows,Yes,Medium,95990,157.3505121487356
573,23,HP,Gaming,AMD,512 GB,NVIDIA,16,Windows,No,Heavy,113690,136.82653230324834
574,24,HP,Gaming,AMD,512 GB,NVIDIA,16,Windows,No,Heavy,108689,136.82653230324834
576,2,ACER,Gaming,Intel,1 TB,NVIDIA,16,Windows,No,Heavy,134990,188.28266410959816
577,3,HP,Notebook,Intel,None,Intel,8,Windows,No,Heavy,48999,100.45466986113651
578,4,ASUS,Notebook,Intel,512 GB,Intel,16,Windows,No,Heavy,74990,141.21199808219862
580,6,LENOVO,Notebook,Intel,None,Intel,4,Linux/Others,Yes,Light,28490,135.0942111925629
581,7,ASUS,Notebook,Intel,None,Intel,4,Linux/Others,No,Light,22490,100.45466986113651
582,8,ASUS,Notebook,Intel,256 GB,Intel,16,Windows,No,Heavy,62990,127.33567457123111
583,9,ASUS,Ultraportable,AMD,512 GB,AMD,8,Windows,No,Light,58990,157.3505121487356
584,10,DELL,Gaming,Intel,512 GB,NVIDIA,8,Windows,No,Heavy,71990,141.21199808219862
585,11,HP,Gaming,AMD,512 GB,NVIDIA,8,Windows,No,Heavy,96090,136.82653230324834
586,12,HP,Ultraportable,Intel,None,Intel,4,Windows,No,Medium,29039,100.45466986113651
587,13,ASUS,Ultraportable,Intel,None,Intel,4,Windows,No,Medium,33990,100.45466986113651
588,14,LENOVO,Ultraportable,AMD,512 GB,AMD,8,Windows,No,Medium,57990,141.21199808219862
589,15,ASUS,Notebook,Intel,512 GB,Intel,8,Windows,No,Medium,52499,141.21199808219862
590,16,LENOVO,Gaming,Intel,1 TB,NVIDIA,16,Windows,No,Medium,157990,183.5755975068582
591,17,ASUS,Gaming,AMD,1 TB,NVIDIA,32,Windows,Yes,Light,239990,337.93365249157983
592,18,DELL,Ultraportable,Intel,512 GB,Intel,8,Windows,No,Light,59790,157.3505121487356
593,19,HP,Gaming,AMD,512 GB,NVIDIA,8,Windows,No,Heavy,96579,136.82653230324834
595,21,ASUS,Notebook,Intel,512 GB,Intel,8,Windows,No,Light,35000,157.3505121487356
596,22,LENOVO,Notebook,Intel,256 GB,Intel,8,Windows,No,Light,38980,157.3505121487356
597,23,ASUS,Gaming,Intel,256 GB,NVIDIA,8,Windows,No,Heavy,57990,141.21199808219862
599,2,DELL,Gaming,AMD,512 GB,NVIDIA,8,Windows,No,Heavy,72990,141.21199808219862
600,3,MSI,Gaming,Intel,1 TB,NVIDIA,16,Windows,No,Heavy,259990,188.28266410959816
601,4,ACER,Ultraportable,Intel,512 GB,Intel,16,Windows,No,Light,64990,209.8006828649808
602,5,HP,Notebook,Intel,1 TB,NVIDIA,16,Windows,No,Heavy,131700,136.82653230324834
603,6,ASUS,Gaming,AMD,1 TB,NVIDIA,16,Windows,Yes,Light,109990,337.93365249157983
604,7,ASUS,Ultraportable,Intel,512 GB,Intel,16,Windows,No,Light,94990,242.5880862528841
605,8,HP,Ultraportable,Intel,512 GB,Intel,8,Windows,No,Medium,54450,141.21199808219862
606,9,LENOVO,Notebook,Intel,512 GB,Intel,8,Windows,No,Medium,57500,141.21199808219862
607,10,ASUS,Notebook,Intel,512 GB,NVIDIA,16,Windows,No,Medium,92990,141.21199808219862
608,11,ASUS,Notebook,AMD,1 TB,NVIDIA,16,Windows,No,Medium,94990,141.21199808219862
609,12,HP,Gaming,AMD,512 GB,NVIDIA,8,Windows,No,Heavy,76990,136.82653230324834
610,13,ASUS,Gaming,AMD,1 TB,NVIDIA,16,Windows,Yes,Heavy,191990,188.67962264113208
611,14,HP,Gaming,Intel,512 GB,NVIDIA,8,Windows,No,Heavy,92100,141.21199808219862
612,15,DELL,Gaming,AMD,512 GB,NVIDIA,16,Windows,No,Heavy,107990,141.21199808219862
613,16,HP,Notebook,AMD,None,AMD,8,Windows,No,Heavy,32661,141.21199808219862
614,17,ACER,Notebook,AMD,None,AMD,4,Windows,No,Heavy,34130,141.21199808219862
615,18,ACER,Gaming,Intel,1 TB,NVIDIA,16,Windows,No,Heavy,139990,141.21199808219862
616,19,MSI,Gaming,Intel,1 TB,NVIDIA,32,Windows,No,Heavy,214990,282.42399616439724
617,20,DELL,Gaming,Intel,512 GB,NVIDIA,16,Windows,No,Heavy,103990,141.21199808219862
618,21,ASUS,Notebook,Intel,1 TB,NVIDIA,32,Windows,Yes,Heavy,224990,282.42399616439724
619,22,LENOVO,Notebook,AMD,512 GB,AMD,8,Windows,No,Light,57989,141.21199808219862
620,23,LENOVO,Gaming,Intel,512 GB,NVIDIA,16,Windows,No,Heavy,117990,141.21199808219862
621,24,ASUS,Ultraportable,Intel,256 GB,NVIDIA,8,Windows,No,Light,79990,157.3505121487356
622,1,DELL,Gaming,Intel,512 GB,NVIDIA,16,Windows,No,Heavy,108990,141.21199808219862
623,2,ASUS,Ultraportable,Intel,512 GB,Intel,8,Windows,No,Medium,45990,141.21199808219862
624,3,ASUS,Ultraportable,Intel,2 TB,Intel,16,Windows,No,Light,233990,157.3505121487356
625,4,DELL,Notebook,Intel,512 GB,NVIDIA,8,Windows,No,Light,71990,141.21199808219862
626,5,MSI,Gaming,Intel,1 TB,NVIDIA,32,Windows,No,Heavy,285990,188.28266410959816
627,6,LENOVO,Ultraportable,Intel,256 GB,Intel,4,Windows,No,Medium,40200,141.21199808219862
628,7,LENOVO,Ultraportable,Intel,256 GB,Intel,4,Windows,No,Light,31000,111.93520355955211
629,8,ASUS,Gaming,AMD,1 TB,NVIDIA,32,Windows,Yes,Light,136990,168.96682624578992
630,9,DELL,Ultraportable,Intel,512 GB,Intel,8,Windows,No,Medium,66900,141.21199808219862
631,10,ASUS,Ultraportable,Intel,512 GB,Intel,16,Windows,No,Light,99990,165.6321180513006
632,11,ASUS,Notebook,AMD,1 TB,NVIDIA,16,Windows,No,Medium,98590,141.21199808219862
633,12,MSI,Notebook,Intel,2 TB,NVIDIA,32,Windows,Yes,Heavy,309990,188.67962264113208
634,13,ASUS,Ultraportable,Intel,512 GB,Intel,8,Windows,No,Light,85990,157.3505121487356
636,15,ASUS,Notebook,Intel,512 GB,Intel,8,Windows,No,Medium,53990,141.21199808219862
638,17,DELL,Ultraportable,AMD,512 GB,AMD,8,Windows,No,Medium,71000,141.21199808219862
639,18,HP,Notebook,Intel,None,NVIDIA,4,Windows,No,Heavy,36054,141.21199808219862
640,19,DELL,Notebook,Intel,None,Intel,8,Windows,No,Heavy,41800,150.76159996694517
641,20,HP,Ultraportable,Intel,None,Intel,8,Windows,No,Medium,41700,141.21199808219862
642,21,ASUS,Gaming,Intel,512 GB,NVIDIA,16,Windows,Yes,Light,163980,168.96682624578992
643,22,DELL,Ultraportable,Intel,512 GB,Intel,16,Windows,No,Medium,70990,141.21199808219862
644,23,LENOVO,Notebook,AMD,512 GB,AMD,8,Windows,No,Medium,35499,141.21199808219862
645,24,DELL,Notebook,Intel,512 GB,NVIDIA,16,Windows,No,Medium,69990,141.21199808219862
646,1,DELL,Ultraportable,Intel,512 GB,Intel,8,Windows,No,Light,68990,165.6321180513006
647,2,LENOVO,Gaming,AMD,512 GB,NVIDIA,8,Windows,No,Heavy,73990,141.21199808219862
648,3,DELL,Ultraportable,Intel,512 GB,NVIDIA,16,Windows,No,Medium,76990,141.21199808219862
649,4,LENOVO,Ultraportable,AMD,512 GB,AMD,16,Windows,No,Light,66999,141.21199808219862
650,5,ASUS,Ultraportable,Intel,1 TB,Intel,16,Windows,No,Light,168490,157.3505121487356
652,7,ASUS,Gaming,AMD,1 TB,NVIDIA,16,Windows,No,Medium,107990,209.8006828649808
653,8,LENOVO,Ultraportable,AMD,None,AMD,4,Windows,No,Medium,30590,141.21199808219862
655,10,ACER,Ultraportable,Intel,None,Intel,8,Windows,No,Medium,47130,141.21199808219862
656,11,ASUS,Gaming,Intel,256 GB,NVIDIA,8,Windows,No,Heavy,87390,141.21199808219862
657,12,DELL,Notebook,Intel,512 GB,NVIDIA,8,Windows,Yes,Light,79633,157.3505121487356
658,13,ASUS,Gaming,Intel,256 GB,NVIDIA,8,Windows,No,Heavy,146490,141.21199808219862
659,14,DELL,Ultraportable,Intel,256 GB,Intel,4,Windows,No,Medium,35500,141.21199808219862
660,15,DELL,Notebook,Intel,512 GB,NVIDIA,8,Windows,Yes,Light,78990,157.3505121487356
661,16,HP,Gaming,AMD,512 GB,NVIDIA,8,Windows,No,Heavy,85990,141.21199808219862
662,17,ASUS,Notebook,Intel,1 TB,NVIDIA,32,Windows,Yes,Heavy,269990,282.42399616439724
663,18,DELL,Ultraportable,AMD,256 GB,AMD,8,Windows,No,Medium,38990,157.3505121487356
664,19,LENOVO,Gaming,Intel,512 GB,NVIDIA,8,Windows,No,Heavy,62990,141.21199808219862
665,20,ACER,Ultraportable,Intel,256 GB,Intel,16,Windows,No,Medium,62483,157.3505121487356
666,21,DELL,Ultraportable,Intel,512 GB,Intel,8,Windows,No,Light,82990,157.3505121487356
667,22,DELL,Ultraportable,Intel,256 GB,Intel,8,Windows,No,Medium,45562,141.21199808219862
668,23,MSI,Gaming,Intel,512 GB,NVIDIA,16,Windows,No,Heavy,184790,141.21199808219862
669,24,ASUS,Gaming,Intel,1 TB,NVIDIA,16,Windows,Yes,Light,304980,337.93365249157983
670,1,DELL,Ultraportable,Intel,512 GB,Intel,8,Windows,No,Light,82990,157.3505121487356
671,2,DELL,Ultraportable,Intel,256 GB,Intel,8,Windows,No,Medium,45562,141.21199808219862
672,3,MSI,Gaming,Intel,512 GB,NVIDIA,16,Windows,No,Heavy,184790,141.21199808219862
673,4,ASUS,Gaming,Intel,1 TB,NVIDIA,16,Windows,Yes,Light,304980,337.93365249157983
674,5,HP,Gaming,AMD,512 GB,NVIDIA,8,Windows,No,Heavy,64790,141.21199808219862
675,6,DELL,Ultraportable,Intel,512 GB,NVIDIA,16,Windows,No,Medium,74985,141.21199808219862
676,7,MSI,Gaming,Intel,512 GB,NVIDIA,16,Windows,No,Medium,99990,141.21199808219862
677,8,DELL,Notebook,AMD,512 GB,AMD,8,Windows,Yes,Light,75500,157.3505121487356
678,9,DELL,Ultraportable,AMD,256 GB,AMD,8,Windows,No,Medium,45032,141.21199808219862
679,10,ACER,Gaming,AMD,512 GB,NVIDIA,16,Windows,No,Heavy,137990,188.28266410959816
680,11,ASUS,Gaming,Intel,512 GB,NVIDIA,16,Windows,No,Heavy,90488,141.21199808219862
681,12,HP,Ultraportable,Intel,512 GB,Intel,8,Windows,No,Medium,63500,141.21199808219862
682,13,ACER,Ultraportable,Intel,512 GB,NVIDIA,4,Windows,No,Medium,57799,141.21199808219862
683,14,ACER,Ultraportable,Intel,None,NVIDIA,8,Windows,No,Medium,59990,141.21199808219862
684,15,ASUS,Ultraportable,Intel,512 GB,Intel,8,Windows,No,Medium,46300,141.21199808219862
685,16,LENOVO,Ultraportable,Intel,512 GB,NVIDIA,16,Windows,No,Light,244801,157.3505121487356
686,17,DELL,Ultraportable,Intel,256 GB,Intel,8,Windows,No,Medium,66700,141.21199808219862
687,18,LENOVO,Gaming,Intel,256 GB,NVIDIA,8,Windows,No,Heavy,75090,141.21199808219862
688,19,ASUS,Gaming,Intel,512 GB,NVIDIA,16,Windows,No,Heavy,88990,141.21199808219862
690,21,HP,Ultraportable,AMD,512 GB,AMD,16,Windows,No,Medium,54980,141.21199808219862
691,22,MSI,Gaming,Intel,1 TB,NVIDIA,16,Windows,No,Medium,93500,141.21199808219862
692,23,HP,Notebook,Intel,512 GB,None,16,Windows,Yes,Light,108490,170.92983824421876
693,24,DELL,Notebook,AMD,512 GB,AMD,16,Windows,Yes,Light,89570,157.3505121487356
694,1,ASUS,Gaming,AMD,1 TB,NVIDIA,32,Windows,Yes,Light,234990,168.96682624578992
695,2,ASUS,Notebook,Intel,None,Intel,4,Linux/Others,Yes,Light,23990,135.0942111925629
696,3,MSI,Gaming,Intel,1 TB,NVIDIA,16,Windows,No,Heavy,129490,188.28266410959816
697,4,DELL,Ultraportable,Intel,256 GB,Intel,8,Windows,No,Medium,47000,141.21199808219862
698,5,ASUS,Ultraportable,Intel,256 GB,Intel,8,Windows,No,Medium,34000,141.21199808219862
699,6,ASUS,Notebook,AMD,1 TB,NVIDIA,16,Windows,No,Light,108990,242.5880862528841
700,7,ASUS,Notebook,Intel,512 GB,Intel,8,Windows,No,Medium,49999,141.21199808219862
701,8,ACER,Gaming,Intel,256 GB,NVIDIA,16,Windows,No,Heavy,95490,141.21199808219862
702,9,LENOVO,Notebook,AMD,None,Intel,4,Linux/Others,No,Heavy,18890,100.45466986113651
703,10,ACER,Gaming,AMD,512 GB,NVIDIA,16,Windows,No,Heavy,129999,188.28266410959816
704,11,ASUS,Gaming,AMD,1 TB,NVIDIA,16,Windows,No,Heavy,140990,141.21199808219862
705,12,ACER,Ultraportable,Intel,512 GB,Intel,8,Windows,Yes,Light,76500,157.3505121487356
706,13,HP,Ultraportable,Intel,512 GB,Intel,8,Windows,No,Medium,51890,141.21199808219862
707,14,DELL,Ultraportable,Intel,256 GB,Intel,8,Windows,No,Medium,66990,141.21199808219862
708,15,DELL,Ultraportable,Intel,512 GB,Intel,16,Windows,No,Medium,65800,141.21199808219862
709,16,ASUS,Ultraportable,Intel,512 GB,Intel,8,Windows,No,Light,72990,157.3505121487356
710,17,ACER,Notebook,Intel,None,Intel,8,Windows,No,Medium,49599,141.21199808219862
711,18,ASUS,Ultraportable,Intel,None,Intel,4,Windows,No,Medium,61249,111.93520355955211
712,19,DELL,Notebook,Intel,256 GB,Intel,8,Windows,No,Medium,41490,139.3666994768726
713,20,LENOVO,Notebook,Intel,256 GB,Intel,4,Windows,No,Medium,30999,111.93520355955211
714,21,ASUS,Notebook,Intel,512 GB,Intel,8,Windows,No,Medium,34490,141.21199808219862
715,22,ASUS,Gaming,AMD,1 TB,NVIDIA,16,Windows,No,Medium,195000,141.21199808219862
716,23,ASUS,Notebook,Intel,256 GB,Intel,4,Windows,No,Medium,40990,144.57650868625
717,24,DELL,Notebook,Intel,256 GB,Others,4,Windows,No,Medium,48999,141.21199808219862
718,1,HP,Notebook,Intel,512 GB,NVIDIA,16,Windows,No,Heavy,97500,141.21199808219862
719,2,ASUS,Gaming,AMD,512 GB,NVIDIA,16,Windows,No,Heavy,87907,141.21199808219862
720,3,HP,Notebook,Intel,512 GB,Intel,8,Windows,Yes,Light,126000,165.6321180513006
721,4,INFINIX,Ultraportable,Intel,512 GB,Intel,16,Windows,No,Light,44990,157.3505121487356
722,5,HP,Notebook,Intel,None,Intel,4,Linux/Others,Yes,Light,27490,111.93520355955211
723,6,LENOVO,Notebook,Intel,256 GB,Intel,8,Windows,No,Medium,36490,141.21199808219862
724,7,ASUS,Notebook,Intel,None,Intel,4,Linux/Others,Yes,Light,22990,135.0942111925629
725,8,ASUS,Ultraportable,Intel,512 GB,Intel,16,Windows,No,Light,94990,242.5880862528841
726,9,HP,Ultraportable,Intel,None,Intel,8,Windows,No,Medium,40400,141.21199808219862
727,10,LENOVO,Notebook,Intel,None,Intel,4,Linux/Others,No,Heavy,25490,100.45466986113651
728,11,MSI,Gaming,Intel,1 TB,NVIDIA,16,Windows,No,Heavy,205000,127.33567457123111
729,12,LENOVO,Notebook,Intel,256 GB,Intel,4,Windows,No,Heavy,38999,183.5755975068582
730,13,HP,Gaming,AMD,512 GB,NVIDIA,8,Windows,No,Heavy,62999,141.21199808219862
731,14,ASUS,Notebook,Intel,None,Intel,4,Windows,No,Light,23990,135.0942111925629
732,15,LENOVO,Gaming,AMD,256 GB,NVIDIA,8,Windows,No,Heavy,75990,141.21199808219862
734,17,ASUS,Gaming,Intel,1 TB,NVIDIA,16,Windows,Yes,Light,191990,337.93365249157983
735,18,ASUS,Notebook,Intel,1 TB,NVIDIA,16,Windows,Yes,Heavy,175190,282.42399616439724
736,19,DELL,Gaming,AMD,512 GB,NVIDIA,8,Windows,No,Heavy,81490,141.21199808219862
737,20,ACER,Gaming,Intel,2 TB,NVIDIA,16,Windows,No,Heavy,159990,141.21199808219862
738,21,ACER,Notebook,Intel,256 GB,Intel,8,Windows,No,Heavy,29490,111.93520355955211
739,22,LENOVO,Notebook,AMD,512 GB,AMD,8,Windows,Yes,Heavy,66490,157.3505121487356
740,23,ASUS,Ultraportable,Intel,256 GB,Intel,8,Windows,No,Heavy,79990,141.21199808219862
741,24,HP,Ultraportable,Intel,512 GB,Intel,8,Windows,No,Medium,46900,100.45466986113651
742,1,ASUS,Ultraportable,Intel,256 GB,Intel,8,Windows,No,Medium,79990,141.21199808219862
743,2,HP,Ultraportable,Intel,512 GB,Intel,8,Windows,No,Medium,46900,100.45466986113651
744,3,HP,Notebook,Intel,1 TB,None,16,Windows,Yes,Light,148900,267.07787225659183
745,4,MSI,Gaming,Intel,1 TB,NVIDIA,16,Windows,No,Heavy,259990,188.28266410959816
746,5,ASUS,Notebook,Intel,None,Intel,4,Linux/Others,No,Light,19990,111.93520355955211
747,6,DELL,Ultraportable,Intel,512 GB,NVIDIA,8,Windows,No,Light,89619,157.3505121487356
748,7,HP,Gaming,Intel,128 GB,NVIDIA,8,Windows,No,Heavy,102551,141.21199808219862
749,8,ASUS,Notebook,Intel,256 GB,Intel,8,Windows,No,Medium,39990,141.21199808219862
750,9,LENOVO,Ultraportable,Intel,1 TB,NVIDIA,16,Windows,No,Heavy,230400,141.21199808219862
751,10,LENOVO,Ultraportable,Intel,512 GB,NVIDIA,8,Windows,No,Light,74990,157.3505121487356
752,11,DELL,Notebook,Intel,512 GB,Intel,16,Windows,Yes,Light,79890,157.3505121487356
753,12,DELL,Notebook,Intel,256 GB,Intel,4,Windows,No,Medium,35500,141.21199808219862
754,13,ASUS,Notebook,Intel,256 GB,Others,8,Windows,No,Medium,37230,155.78090461246302
755,14,ASUS,Gaming,AMD,1 TB,AMD,32,Windows,No,Medium,191990,215.6338544470081
756,15,DELL,Ultraportable,Intel,256 GB,Intel,8,Windows,No,Medium,43146,141.21199808219862
757,16,ACER,Ultraportable,AMD,512 GB,AMD,8,Windows,No,Medium,59990,141.21199808219862
759,18,DELL,Notebook,Intel,512 GB,Intel,8,Windows,No,Medium,60990,141.21199808219862
760,19,ASUS,Ultraportable,AMD,256 GB,Intel,8,Windows,No,Medium,75100,141.21199808219862
761,20,LENOVO,Gaming,Intel,512 GB,NVIDIA,8,Windows,No,Heavy,66990,141.21199808219862
762,21,LENOVO,Ultraportable,Intel,512 GB,Intel,16,Windows,No,Heavy,63290,141.21199808219862
763,22,HP,Notebook,Intel,None,Intel,4,Windows,No,Heavy,39643,100.45466986113651
764,23,ASUS,Gaming,Others,None,NVIDIA,16,Windows,No,Heavy,75000,141.21199808219862
765,1,ASUS,Gaming,AMD,512 GB,NVIDIA,16,Windows,No,Heavy,94500,127.33567457123111
766,2,ASUS,Gaming,AMD,1 TB,NVIDIA,16,Windows,No,Heavy,113000,141.21199808219862
767,3,HP,Notebook,Intel,1 TB,Intel,16,Windows,No,Heavy,93900,157.3505121487356
768,4,DELL,Notebook,Intel,None,AMD,8,Linux/Others,No,Heavy,42999,100.45466986113651
769,5,LENOVO,Notebook,Intel,None,NVIDIA,8,Windows,No,Heavy,64821,141.21199808219862
770,6,DELL,Gaming,Intel,None,NVIDIA,8,Windows,No,Heavy,76990,141.21199808219862
771,7,DELL,Ultraportable,Intel,512 GB,Intel,16,Windows,No,Light,115785,164.39605746882822
772,8,HP,Ultraportable,Intel,512 GB,Intel,8,Windows,No,Medium,60250,141.21199808219862
773,9,ACER,Gaming,Intel,1 TB,NVIDIA,16,Windows,No,Heavy,155490,188.28266410959816
774,10,DELL,Gaming,Intel,1 TB,NVIDIA,16,Windows,No,Heavy,149890,141.21199808219862
775,11,ACER,Ultraportable,AMD,512 GB,AMD,8,Windows,No,Medium,54990,141.21199808219862
776,12,HP,Notebook,Intel,512 GB,NVIDIA,16,Windows,Yes,Light,239759,165.6321180513006
777,13,ASUS,Ultraportable,Intel,1 TB,Intel,16,Windows,Yes,Light,134990,242.5880862528841
778,14,DELL,Ultraportable,Intel,512 GB,Intel,8,Windows,No,Medium,64150,141.21199808219862
779,15,ACER,Gaming,Intel,256 GB,NVIDIA,16,Windows,No,Heavy,119990,141.21199808219862
780,16,ASUS,Ultraportable,Intel,None,Intel,8,Windows,No,Light,81990,157.3505121487356
781,17,ASUS,Gaming,Intel,1 TB,NVIDIA,8,Windows,No,Heavy,69990,141.21199808219862
782,18,DELL,Gaming,Intel,512 GB,NVIDIA,16,Windows,No,Heavy,105000,141.21199808219862
783,19,ASUS,Ultraportable,AMD,256 GB,AMD,8,Windows,No,Medium,47990,141.21199808219862
784,20,ASUS,Ultraportable,Intel,1 TB,Intel,16,Windows,No,Light,165990,157.3505121487356
785,21,ACER,Gaming,Intel,512 GB,NVIDIA,8,Windows,No,Medium,63599,141.21199808219862
786,22,ASUS,Ultraportable,Intel,1 TB,Intel,16,Windows,No,Light,154990,157.3505121487356
787,23,DELL,Gaming,AMD,512 GB,NVIDIA,16,Windows,No,Heavy,124990,141.21199808219862
788,24,MSI,Notebook,Intel,1 TB,NVIDIA,16,Windows,Yes,Medium,154990,141.21199808219862
789,1,ASUS,Ultraportable,Intel,1 TB,Intel,16,Windows,No,Light,154990,157.3505121487356
790,2,DELL,Gaming,AMD,512 GB,NVIDIA,16,Windows,No,Heavy,124990,141.21199808219862
791,3,MSI,Notebook,Intel,1 TB,NVIDIA,16,Windows,Yes,Medium,154990,141.21199808219862
792,4,DELL,Ultraportable,Intel,512 GB,Intel,16,Windows,No,Light,109990,165.6321180513006
793,5,ACER,Ultraportable,Intel,256 GB,Intel,8,Windows,Yes,Light,81998,157.3505121487356
794,6,ASUS,Gaming,AMD,1 TB,AMD,16,Windows,Yes,Light,247990,337.93365249157983
795,7,DELL,Notebook,Intel,512 GB,NVIDIA,8,Windows,No,Medium,69899,141.21199808219862
796,8,DELL,Gaming,AMD,512 GB,NVIDIA,8,Windows,No,Heavy,70990,147.25315308036753
797,9,DELL,Ultraportable,Intel,512 GB,Intel,8,Windows,No,Light,62000,165.6321180513006
798,10,HP,Gaming,Intel,512 GB,NVIDIA,16,Windows,No,Heavy,121900,136.82653230324834
799,11,HP,Gaming,AMD,512 GB,NVIDIA,8,Windows,No,Heavy,67000,136.82653230324834
800,12,LENOVO,Ultraportable,Intel,512 GB,NVIDIA,16,Windows,No,Heavy,131990,141.21199808219862
801,13,ACER,Gaming,Intel,2 TB,NVIDIA,32,Windows,No,Heavy,229990,188.67962264113208
802,14,HP,Gaming,AMD,512 GB,NVIDIA,8,Windows,No,Heavy,76000,141.21199808219862
803,15,ASUS,Ultraportable,AMD,256 GB,AMD,8,Windows,No,Light,36290,156.23455106966654
804,16,APPLE,Ultraportable,Intel,512 GB,Intel,8,Mac,No,Light,162990,226.98300468106115
806,18,ASUS,Ultraportable,Intel,None,Intel,8,Windows,No,Light,32500,111.93520355955211
807,19,LENOVO,Gaming,AMD,1 TB,NVIDIA,16,Windows,No,Light,144999,141.21199808219862
810,22,DELL,Gaming,Intel,512 GB,NVIDIA,8,Windows,No,Heavy,67000,141.21199808219862
811,23,ASUS,Gaming,Intel,512 GB,None,16,Windows,Yes,Light,129018,168.96682624578992
812,24,LENOVO,Notebook,Intel,None,Others,8,Windows,No,Light,38990,141.21199808219862
813,1,HP,Ultraportable,Intel,512 GB,Intel,8,Windows,No,Medium,46500,141.21199808219862
814,2,ASUS,Ultraportable,Intel,None,Intel,4,Windows,No,Light,20990,135.0942111925629
816,4,DELL,Ultraportable,Intel,256 GB,Intel,8,Windows,No,Medium,46990,141.21199808219862
817,5,ACER,Notebook,Intel,None,NVIDIA,8,Windows,No,Heavy,72964,141.21199808219862
818,6,LENOVO,Gaming,AMD,1 TB,NVIDIA,32,Windows,No,Heavy,191999,188.67962264113208
819,7,DELL,Notebook,Intel,None,Intel,8,Windows,No,Heavy,55351,141.21199808219862
820,8,MSI,Gaming,Intel,256 GB,NVIDIA,16,Windows,No,Medium,159990,141.21199808219862
821,9,HP,Notebook,Intel,512 GB,Intel,8,Windows,No,Medium,41500,141.21199808219862
822,10,LENOVO,Ultraportable,Intel,512 GB,Intel,16,Windows,No,Medium,68499,141.21199808219862
824,12,HP,Notebook,Intel,512 GB,Intel,8,Windows,No,Medium,56999,141.21199808219862
825,13,LENOVO,Notebook,AMD,512 GB,AMD,16,Windows,Yes,Light,106790,157.3505121487356
826,14,LENOVO,Notebook,Intel,None,Intel,4,Windows,No,Heavy,39200,100.45466986113651
827,15,ACER,Ultraportable,Intel,256 GB,Intel,8,Windows,No,Light,59434,165.6321180513006
828,16,ASUS,Ultraportable,Intel,None,NVIDIA,8,Windows,No,Medium,93990,157.3505121487356
829,17,LENOVO,Notebook,AMD,512 GB,AMD,8,Windows,Yes,Light,64499,157.3505121487356
830,18,DELL,Notebook,Intel,512 GB,Intel,8,Windows,No,Medium,59990,157.3505121487356
831,19,DELL,Notebook,Intel,512 GB,Intel,8,Windows,Yes,Medium,74990,157.3505121487356
832,20,LENOVO,Ultraportable,Intel,256 GB,Intel,8,Windows,No,Medium,42490,157.3505121487356
833,21,HP,Ultraportable,AMD,1 TB,AMD,16,Windows,Yes,Light,95000,165.6321180513006
834,22,LENOVO,Notebook,Intel,256 GB,Intel,8,Windows,No,Light,41490,146.86047800548656
835,23,HP,Notebook,Intel,128 GB,NVIDIA,8,Windows,No,Heavy,116941,141.21199808219862
836,24,LENOVO,Ultraportable,Intel,512 GB,Intel,8,Windows,No,Light,74990,165.6321180513006
837,1,ACER,Ultraportable,Intel,256 GB,Intel,8,Windows,No,Light,86867,165.6321180513006
838,2,DELL,Ultraportable,Intel,512 GB,Intel,8,Windows,Yes,Light,78990,157.3505121487356
839,3,LENOVO,Ultraportable,Intel,None,AMD,4,Windows,No,Heavy,56990,141.21199808219862
840,4,HP,Ultraportable,Intel,512 GB,Intel,8,Windows,No,Light,68900,157.3505121487356
841,5,LENOVO,Notebook,AMD,512 GB,AMD,16,Windows,Yes,Light,68999,161.72539083525606
842,6,ASUS,Ultraportable,AMD,512 GB,AMD,8,Windows,No,Light,77990,157.3505121487356
843,7,HP,Notebook,Intel,512 GB,Intel,16,Windows,Yes,Light,162990,165.6321180513006
844,8,LENOVO,Ultraportable,Intel,512 GB,Intel,8,Windows,No,Light,47200,157.3505121487356
845,9,ASUS,Gaming,AMD,512 GB,NVIDIA,8,Windows,No,Heavy,81990,127.33567457123111
847,11,HP,Notebook,Intel,256 GB,Intel,8,Windows,Yes,Light,136590,165.6321180513006
848,12,HP,Ultraportable,Intel,512 GB,Intel,8,Windows,Yes,Light,59999,157.3505121487356
849,13,ACER,Notebook,Intel,256 GB,Intel,4,Windows,No,Light,27490,111.93520355955211
850,14,ACER,Ultraportable,Intel,512 GB,NVIDIA,4,Windows,No,Medium,60900,141.21199808219862
851,15,ASUS,Notebook,AMD,512 GB,AMD,8,Windows,No,Medium,59970,242.5880862528841
852,16,HP,Gaming,Intel,1 TB,NVIDIA,16,Windows,No,Medium,122000,136.82653230324834
853,17,DELL,Notebook,Intel,512 GB,Intel,8,Windows,Yes,Light,74990,157.3505121487356
854,18,LENOVO,Ultraportable,Intel,512 GB,Intel,8,Windows,No,Heavy,73990,232.22107401985488
855,19,HP,Ultraportable,AMD,512 GB,AMD,8,Windows,No,Light,53500,157.3505121487356
856,20,HP,Notebook,Intel,None,Intel,4,Linux/Others,No,Heavy,31041,100.45466986113651
857,21,DELL,Notebook,Intel,None,AMD,8,Windows,Yes,Heavy,68990,100.45466986113651
858,22,ASUS,Ultraportable,Intel,512 GB,Intel,8,Windows,No,Medium,42262,156.23455106966654
859,23,ASUS,Notebook,Intel,512 GB,Intel,8,Windows,Yes,Light,79990,165.6321180513006
860,1,DELL,Ultraportable,Intel,256 GB,Intel,4,Windows,No,Light,44500,157.3505121487356
861,2,LENOVO,Ultraportable,Intel,256 GB,Intel,8,Windows,No,Light,38999,157.3505121487356
862,3,ASUS,Ultraportable,Intel,None,Intel,4,Windows,No,Light,24990,135.0942111925629
863,4,HP,Ultraportable,Intel,512 GB,NVIDIA,16,Windows,No,Medium,91999,314.7010242974712
864,5,LENOVO,Ultraportable,Intel,512 GB,Intel,8,Windows,No,Medium,56000,141.21199808219862
865,6,LENOVO,Ultraportable,AMD,512 GB,AMD,16,Windows,No,Light,78890,188.67962264113206
866,7,ACER,Ultraportable,Intel,512 GB,Intel,8,Windows,No,Light,69351,157.3505121487356
867,8,DELL,Ultraportable,Intel,512 GB,Intel,8,Windows,No,Medium,46890,141.21199808219862
868,9,DELL,Notebook,Intel,512 GB,NVIDIA,16,Windows,No,Medium,79900,141.21199808219862
869,10,LENOVO,Notebook,AMD,512 GB,AMD,4,Linux/Others,No,Medium,28499,141.21199808219862
870,11,DELL,Ultraportable,Intel,256 GB,Intel,4,Windows,No,Medium,63500,141.21199808219862
871,12,LENOVO,Ultraportable,Intel,512 GB,Intel,8,Windows,No,Medium,56000,141.21199808219862
872,13,LENOVO,Notebook,AMD,512 GB,AMD,8,Windows,No,Medium,47999,141.21199808219862
873,14,DELL,Notebook,Intel,512 GB,Intel,16,Windows,Yes,Light,82000,157.3505121487356
874,15,LENOVO,Notebook,Intel,None,AMD,8,Windows,No,Heavy,52490,100.45466986113651
875,16,LENOVO,Notebook,Intel,256 GB,Intel,4,Windows,No,Heavy,37890,141.21199808219862
876,17,HP,Gaming,AMD,256 GB,NVIDIA,8,Windows,No,Heavy,65000,141.21199808219862
877,18,LENOVO,Ultraportable,Intel,512 GB,Intel,8,Windows,No,Medium,40100,141.21199808219862
878,19,LENOVO,Notebook,Intel,512 GB,Intel,8,Windows,No,Medium,39400,141.21199808219862
879,20,ASUS,Gaming,Intel,512 GB,NVIDIA,16,Windows,No,Heavy,85990,141.21199808219862
880,21,MSI,Gaming,Intel,None,NVIDIA,8,Windows,No,Medium,62190,141.21199808219862
881,22,HP,Ultraportable,Intel,512 GB,Intel,16,Windows,Yes,Light,84555,157.3505121487356
882,23,HP,Ultraportable,AMD,512 GB,AMD,8,Windows,No,Medium,52000,141.21199808219862
883,1,DELL,Notebook,Intel,512 GB,Intel,8,Windows,No,Medium,57490,141.21199808219862
884,2,HP,Ultraportable,Intel,512 GB,Intel,16,Windows,Yes,Light,84555,157.3505121487356
885,3,HP,Ultraportable,AMD,512 GB,AMD,8,Windows,No,Medium,52000,141.21199808219862
886,4,HP,Ultraportable,Intel,512 GB,Intel,16,Windows,Yes,Light,82999,157.3505121487356
887,5,ASUS,Notebook,Intel,512 GB,Intel,16,Windows,Yes,Light,130000,242.5880862528841
888,6,LENOVO,Notebook,Intel,512 GB,Intel,8,Windows,No,Light,40200,141.21199808219862
889,7,HP,Notebook,Intel,256 GB,Intel,8,Windows,Yes,Light,52999,157.3505121487356
890,8,DELL,Notebook,Intel,512 GB,Intel,8,Windows,Yes,Light,78990,157.3505121487356
891,9,LENOVO,Ultraportable,Intel,512 GB,Intel,8,Windows,No,Light,56000,141.21199808219862
893,11,ACER,Ultraportable,Intel,512 GB,Intel,8,Windows,No,Light,68999,200.84255993695703
894,12,LENOVO,Notebook,AMD,512 GB,AMD,8,Windows,No,Light,49500,141.21199808219862
895,13,LENOVO,Notebook,Intel,256 GB,Intel,4,Windows,Yes,Light,63899,157.3505121487356
896,14,LENOVO,Ultraportable,Intel,256 GB,Intel,8,Windows,No,Medium,54990,141.21199808219862
897,15,DELL,Ultraportable,Intel,256 GB,Intel,8,Windows,No,Light,40500,147.25315308036753
898,16,LENOVO,Ultraportable,Intel,512 GB,Intel,16,Windows,No,Medium,116999,146.86047800548656
899,17,LENOVO,Gaming,AMD,512 GB,NVIDIA,16,Windows,No,Medium,82999,141.21199808219862
900,18,ASUS,Ultraportable,Intel,256 GB,Intel,8,Windows,No,Medium,35990,156.23455106966654
901,19,HP,Ultraportable,AMD,512 GB,AMD,8,Windows,No,Light,54000,157.3505121487356
902,20,DELL,Ultraportable,Intel,512 GB,Intel,8,Windows,No,Medium,63500,141.21199808219862
904,22,HP,Notebook,Intel,1 TB,NVIDIA,16,Windows,No,Heavy,179999,182.43537640433112
905,23,DELL,Notebook,AMD,256 GB,AMD,8,Windows,No,Heavy,34990,100.45466986113651
906,1,ASUS,Ultraportable,AMD,512 GB,AMD,8,Windows,No,Medium,45590,141.21199808219862
907,2,ASUS,Ultraportable,Intel,256 GB,Intel,4,Windows,No,Medium,31700,157.3505121487356
908,3,HP,Ultraportable,AMD,256 GB,AMD,8,Windows,No,Light,58500,157.9734542412046
909,4,LENOVO,Ultraportable,Intel,256 GB,Intel,4,Windows,No,Light,28599,155.78090461246302
910,5,ASUS,Notebook,AMD,512 GB,NVIDIA,16,Windows,No,Light,97107,141.21199808219862
911,6,HP,Notebook,Intel,256 GB,Intel,8,Linux/Others,No,Light,69999,157.3505121487356
912,7,LENOVO,Ultraportable,Intel,512 GB,Intel,8,Windows,No,Light,47250,157.3505121487356
913,8,LENOVO,Ultraportable,Intel,512 GB,Intel,16,Windows,Yes,Light,92990,157.3505121487356
914,9,ASUS,Ultraportable,AMD,1 TB,AMD,8,Windows,No,Light,66990,156.23455106966654
915,10,HP,Ultraportable,Intel,256 GB,Intel,8,Windows,No,Medium,43900,141.21199808219862
916,11,DELL,Notebook,Intel,512 GB,Intel,8,Windows,No,Medium,46590,141.21199808219862
917,12,ASUS,Notebook,AMD,512 GB,NVIDIA,16,Windows,No,Medium,96085,141.21199808219862
918,13,LENOVO,Notebook,Intel,256 GB,Intel,4,Windows,No,Medium,33500,100.45466986113651
919,14,DELL,Gaming,Intel,512 GB,NVIDIA,16,Windows,No,Heavy,77490,141.21199808219862
920,15,LENOVO,Gaming,AMD,512 GB,NVIDIA,8,Windows,No,Heavy,67589,141.21199808219862
921,16,HP,Ultraportable,AMD,1 TB,AMD,16,Windows,No,Light,88999,170.23725351079585
922,17,ASUS,Notebook,Intel,256 GB,Intel,8,Windows,No,Light,61480,141.21199808219862
923,18,HP,Ultraportable,Intel,256 GB,Intel,8,Windows,No,Light,75000,165.6321180513006
924,19,HP,Notebook,Intel,512 GB,Intel,8,Windows,Yes,Light,94990,165.6321180513006
925,20,HP,Ultraportable,Intel,512 GB,Intel,8,Windows,No,Light,49999,157.3505121487356
926,21,HP,Notebook,AMD,512 GB,AMD,8,Windows,No,Light,48999,141.21199808219862
927,22,LENOVO,Notebook,Intel,256 GB,Intel,8,Windows,No,Light,40100,141.21199808219862
928,23,LENOVO,Gaming,Intel,512 GB,NVIDIA,8,Windows,No,Heavy,85999,141.21199808219862
929,24,ASUS,Notebook,AMD,512 GB,NVIDIA,8,Windows,No,Heavy,69900,141.21199808219862
930,1,ASUS,Ultraportable,AMD,512 GB,AMD,8,Windows,No,Medium,48500,141.21199808219862
931,2,HP,Notebook,Intel,512 GB,Intel,8,Windows,No,Light,62500,157.3505121487356
932,3,HP,Notebook,Intel,512 GB,Intel,8,Linux/Others,No,Light,37900,100.45466986113651
933,4,ASUS,Gaming,AMD,1 TB,NVIDIA,8,Windows,No,Medium,76990,161.09953825039287
934,5,LENOVO,Ultraportable,Intel,512 GB,Intel,16,Windows,No,Heavy,73990,141.21199808219862
935,6,DELL,Ultraportable,Intel,512 GB,Intel,16,Windows,No,Medium,71900,143.98086078969268
936,7,ASUS,Gaming,AMD,1 TB,NVIDIA,8,Windows,No,Heavy,80990,127.33567457123111
937,8,DELL,Ultraportable,Intel,512 GB,Intel,16,Windows,No,Light,137490,337.93365249157983
938,9,LENOVO,Ultraportable,AMD,1 TB,AMD,16,Windows,No,Light,89998,188.67962264113206
939,10,DELL,Ultraportable,Intel,512 GB,NVIDIA,16,Windows,No,Medium,63500,157.3505121487356
940,11,LENOVO,Ultraportable,Intel,512 GB,NVIDIA,16,Windows,No,Medium,74990,141.21199808219862
941,12,LENOVO,Notebook,Intel,512 GB,Intel,16,Windows,Yes,Medium,88799,157.3505121487356
942,13,LENOVO,Ultraportable,Intel,256 GB,Intel,4,Windows,No,Medium,32990,157.3505121487356
943,14,HP,Gaming,AMD,512 GB,NVIDIA,8,Windows,No,Medium,67900,141.21199808219862
944,15,HP,Ultraportable,Intel,1 TB,NVIDIA,16,Windows,No,Light,99999,165.6321180513006
945,16,LENOVO,Ultraportable,Intel,256 GB,Intel,8,Windows,No,Light,39500,157.3505121487356
946,17,ACER,Gaming,Intel,1 TB,NVIDIA,16,Windows,No,Heavy,143990,141.21199808219862
947,18,ASUS,Notebook,Intel,512 GB,Intel,8,Windows,Yes,Light,51999,157.3505121487356
948,19,ASUS,Ultraportable,Intel,256 GB,Intel,8,Windows,No,Light,34999,157.3505121487356
949,20,ASUS,Ultraportable,AMD,256 GB,AMD,8,Windows,No,Medium,34100,141.21199808219862
950,21,LENOVO,Notebook,AMD,512 GB,AMD,8,Windows,No,Medium,49500,141.21199808219862
951,22,HP,Notebook,AMD,512 GB,AMD,8,Windows,No,Medium,37184,141.21199808219862
952,23,LENOVO,Notebook,Intel,512 GB,Intel,8,Windows,No,Medium,52000,141.21199808219862
